BioSample Accession	SRA Accession	Collection Date	Geographic Location	Latitude	Longitude	Isolation Source	Host	Oxygen Relationship
SAMN03262709	SRS788490	12/02/2014	India	25.951	91.941	sediment metagenome	NA	aerobe
SAMN10866147	SRS4347207	18/08/2017	"Finland: Risofladan, Vaasa"	63.04721	21.71161	soil metagenome	NA	NA
SAMN10866441	SRS4347208	18/08/2017	"Finland: Risofladan, Vaasa"	63.04721	21.71161	soil metagenome	NA	NA
SAMN10866457	SRS4347336	18/08/2017	"Finland: Risofladan, Vaasa"	63.04721	21.71161	soil metagenome	NA	NA
SAMN04550823	SRS1359101	04/07/2015	"China:Guangdong,Guangzhou"	21.821	112.461	soil metagenome	NA	NA
SAMN03701733	SRS942397	01/08/2014	Trinidad and Tobago: Trinidad	10.391	-61.43	soil metagenome	NA	NA
SAMN02399664	SRS500617	2012	New Zealand: Tikitere	-38.0640333	176.36075	hot springs metagenome	NA	NA
SAMN03701734	SRS942342	01/08/2014	Trinidad and Tobago: Trinidad	10.391	-61.43	soil metagenome	NA	NA
SAMN03450272	SRS888507	2014-08	China:Tengchong	24.951101	98.435971	hot springs metagenome	NA	NA
SAMN03701741	SRS942389	01/08/2014	Trinidad and Tobago: Trinidad	10.681	-61.35	soil metagenome	NA	NA
SAMN03701740	SRS942393	01/08/2014	Trinidad and Tobago: Trinidad	10.681	-61.35	soil metagenome	NA	NA
SAMN03701735	SRS942332	01/08/2014	Trinidad and Tobago: Trinidad	10.391	-61.43	soil metagenome	NA	NA
SAMN03450271	SRS888501	2014-08	China:Tengchong	24.951101	98.435971	hot springs metagenome	NA	NA
SAMN04350613	SRS1212632	26/05/2015	"Argentina:SanLuis,La Carolina"	-32.80465	-66.085119	sediment metagenome	NA	NA
SAMN02399665	SRS500618	2012	New Zealand: Tikitere	-38.0640333	176.36075	hot springs metagenome	NA	NA
SAMN06227491	SRS1921920	10/10/2015	Portugal	unknown1	1	aquatic metagenome	NA	NA
SAMN03450278	SRS888526	2014-08	China:Tengchong	24.951101	98.435971	hot springs metagenome	NA	NA
SAMN06212481	SRS1910800	2013-04	Brazil: Canaa dos Carajas	-6.4432151	-50.0358394	mine drainage metagenome	NA	facultative
SAMN10761930	SRS4331290	2014	India	21.9987001	80.6976671	soil metagenome	NA	NA
SAMN02399663	SRS500616	2010	New Zealand: Tikitere	-38.0640333	176.36075	hot springs metagenome	NA	NA
SAMN10973070	SRS4391961	01/04/2013	"China:Guangdong, Dinghu Mountain"	23.181	112.61	soil metagenome	NA	NA
SAMN04350604	SRS1212620	26/05/2015	"Argentina:SanLuis,La Carolina"	-32.80468	-66.085195	sediment metagenome	NA	NA
SAMN06226036	SRS1922651	27/02/2014	Costa Rica	10.921251	-85.70472	aquatic metagenome	NA	NA
SAMN06227492	SRS1921919	10/10/2015	Portugal	unknown1	1	aquatic metagenome	NA	NA
SAMN06226038	SRS1922648	27/02/2014	Costa Rica	10.921251	-85.70472	aquatic metagenome	NA	NA
SAMEA3474126	ERS785402	NA	NA	NA	NA	soil metagenome	NA	NA
SAMN06675640	SRS2094432	25/06/2015	missing	missing1	1	soil metagenome	NA	NA
SAMN10973047	SRS4391969	01/07/2013	"China:Jilin, Changbai Mountain"	41.991	127.91	soil metagenome	NA	NA
SAMN10973072	SRS4391959	01/10/2013	"China:Guangdong, Dinghu Mountain"	23.181	112.61	soil metagenome	NA	NA
SAMN03701742	SRS942388	01/08/2014	Trinidad and Tobago: Trinidad	10.681	-61.35	soil metagenome	NA	NA
SAMN04531410	SRS1328024	15/07/2015	China	not1	1	soil metagenome	NA	obligate anaerobe
SAMN08933913	SRS3177991	2004-07	USA: New Mexico	35.136401	-106.35924	freshwater metagenome	NA	NA
SAMN04296793	SRS1180540	31/05/2014	"China: the Yellow River delta area, Dongying"	37.76694444	119.1688889	sediment metagenome	NA	NA
SAMN04296782	SRS1180534	31/05/2014	"China: the Yellow River delta area, Dongying"	37.76694444	119.1688889	soil metagenome	NA	NA
SAMN10973064	SRS4391948	01/04/2013	"China:Jiangxi, Jinggang Mountain"	26.671	114.41	soil metagenome	NA	NA
SAMN09652684	SRS3545860	2015-01	Algeria: Guelma	36.271	7.161	sediment metagenome	NA	aerobe
SAMN10992524	SRS4414920	01/07/2013	"China:Jilin, Changbai Mountain"	41.991	127.91	soil metagenome	NA	NA
SAMN06675638	SRS2094434	25/06/2015	missing	missing1	1	soil metagenome	NA	NA
SAMN04419263	SRS1257010	05/11/2013	China: Jiangxi	28.21	117.131	soil metagenome	NA	NA
SAMN03701746	SRS942338	01/08/2014	Trinidad and Tobago: Trinidad	10.641	-61.43	soil metagenome	NA	NA
SAMN10864945	SRS4347064	17/04/2017	USA: Wisconsin	44.111	-88.23	activated sludge metagenome	NA	NA
SAMEA3474120	ERS785396	NA	NA	NA	NA	soil metagenome	NA	NA
SAMN10864889	SRS4347069	17/04/2017	USA: Wisconsin	44.111	-88.23	activated sludge metagenome	NA	NA
SAMN10864946	SRS4347062	17/04/2017	USA: Wisconsin	44.111	-88.23	activated sludge metagenome	NA	NA
SAMN04350603	SRS1212616	26/05/2015	"Argentina:SanLuis,La Carolina"	-32.804631	-66.085254	sediment metagenome	NA	NA
SAMN10973074	SRS4391967	01/07/2014	"China:Guangdong, Dinghu Mountain"	23.181	112.61	soil metagenome	NA	NA
SAMN10864876	SRS4347068	17/04/2017	USA: Wisconsin	44.111	-88.23	activated sludge metagenome	NA	NA
SAMEA4353527	ERS1264976	NA	NA	NA	NA	soil metagenome	NA	NA
SAMEA4051648	ERS1222758	NA	NA	NA	NA	soil metagenome	NA	NA
SAMN03491553	SRS913783	13/10/2013	Pacific Ocean: Clarion-Clipperton Fracture Zone	13.961	-116.57	seawater metagenome	NA	NA
SAMN02399666	SRS500619	2012	New Zealand: Tikitere	-38.0640333	176.36075	hot springs metagenome	NA	NA
SAMEA3474195	ERS785471	NA	NA	NA	NA	soil metagenome	NA	NA
SAMN10761939	SRS4331316	2016	India	21.9987001	80.6976671	soil metagenome	NA	NA
SAMD00041509	DRS026688	2014-03	Japan:Satsuma Iwo-jima	30.780771	130.279471	sediment metagenome	NA	NA
SAMN10864942	SRS4347077	17/04/2017	USA: Wisconsin	44.111	-88.23	activated sludge metagenome	NA	NA
SAMEA3474190	ERS785466	NA	NA	NA	NA	soil metagenome	NA	NA
SAMEA3474172	ERS785448	NA	NA	NA	NA	soil metagenome	NA	NA
SAMN03792093	SRS970776	2014-08	China: Tengchong geothermal area	24.951021	98.436131	hot springs metagenome	NA	NA
SAMEA3474192	ERS785468	NA	NA	NA	NA	soil metagenome	NA	NA
SAMN10865520	SRS4347076	17/04/2017	USA: Wisconsin	44.111	-88.23	activated sludge metagenome	NA	NA
SAMN10864912	SRS4347117	17/04/2017	USA: Wisconsin	44.111	-88.23	activated sludge metagenome	NA	NA
SAMN08384074	SRS2872829	2015/2016	Australia: Tomago wetland	-32.9483	151.834721	sediment metagenome	NA	NA
SAMN06226037	SRS1922649	27/02/2014	Costa Rica	10.921251	-85.70472	aquatic metagenome	NA	NA
SAMN10866146	SRS4347341	18/08/2017	"Finland: Risofladan, Vaasa"	63.04721	21.71161	soil metagenome	NA	NA
SAMEA3474236	ERS785512	NA	NA	NA	NA	soil metagenome	NA	NA
SAMN10864860	SRS4347074	17/04/2017	USA: Wisconsin	44.111	-88.23	activated sludge metagenome	NA	NA
SAMEA3474196	ERS785472	NA	NA	NA	NA	soil metagenome	NA	NA
SAMN10973073	SRS4391958	01/04/2014	"China:Guangdong, Dinghu Mountain"	23.181	112.61	soil metagenome	NA	NA
SAMN04506840	SRS1311323	20/07/2007	USA: Wyoming	44.431	-110.42	hot springs metagenome	NA	NA
SAMN08384074	SRS2872829	2015/2016	Australia: Tomago wetland	-32.9483	151.834721	sediment metagenome	NA	NA
SAMEA3474138	ERS785414	NA	NA	NA	NA	soil metagenome	NA	NA
SAMEA4051669	ERS1222779	NA	NA	NA	NA	soil metagenome	NA	NA
SAMEA3474191	ERS785467	NA	NA	NA	NA	soil metagenome	NA	NA
SAMEA3474238	ERS785514	NA	NA	NA	NA	soil metagenome	NA	NA
SAMEA3474173	ERS785449	NA	NA	NA	NA	soil metagenome	NA	NA
SAMN10864923	SRS4347079	17/04/2017	USA: Wisconsin	44.111	-88.23	activated sludge metagenome	NA	NA
SAMN08223849	SRS2789997	01/08/2016	Arctic Ocean	72.161	-1.41	marine sediment metagenome	NA	NA
SAMN10531947	SRS4114499	11/09/2015	China:Beijing	39.891	116.491	groundwater metagenome	NA	NA
SAMN03491554	SRS913784	13/10/2013	Pacific Ocean: Clarion-Clipperton Fracture Zone	13.961	-116.57	seawater metagenome	NA	NA
SAMEA4051650	ERS1222760	NA	NA	NA	NA	soil metagenome	NA	NA
SAMN10864944	SRS4347075	17/04/2017	USA: Wisconsin	44.111	-88.23	activated sludge metagenome	NA	NA
SAMN08384074	SRS2872829	2015/2016	Australia: Tomago wetland	-32.9483	151.834721	sediment metagenome	NA	NA
SAMN10761927	SRS4331281	2016	India	21.9987001	80.6976671	soil metagenome	NA	NA
SAMN10973075	SRS4391966	01/10/2014	"China:Guangdong, Dinghu Mountain"	23.181	112.61	soil metagenome	NA	NA
SAMEA3474194	ERS785470	NA	NA	NA	NA	soil metagenome	NA	NA
SAMN10864943	SRS4347070	17/04/2017	USA: Wisconsin	44.111	-88.23	activated sludge metagenome	NA	NA
SAMEA3474122	ERS785398	NA	NA	NA	NA	soil metagenome	NA	NA
SAMN08223816	SRS2789968	01/02/2017	Pacific Ocean	32.481	-119.56	marine sediment metagenome	NA	NA
SAMN03450279	SRS888527	2014-08	China:Tengchong	24.951101	98.435971	hot springs metagenome	NA	NA
SAMN09437004	SRS3454879	2016-08	China: Shaanxi Province	34.5611	107.9211	soil metagenome	NA	NA
SAMEA3474136	ERS785412	NA	NA	NA	NA	soil metagenome	NA	NA
SAMN10973068	SRS4391963	01/07/2014	"China:Jiangxi, Jinggang Mountain"	26.671	114.41	soil metagenome	NA	NA
SAMEA4051652	ERS1222762	NA	NA	NA	NA	soil metagenome	NA	NA
SAMN10864862	SRS4347078	17/04/2017	USA: Wisconsin	44.111	-88.23	activated sludge metagenome	NA	NA
SAMN10973066	SRS4391965	01/10/2013	"China:Jiangxi, Jinggang Mountain"	26.671	114.41	soil metagenome	NA	NA
SAMEA4051654	ERS1222764	NA	NA	NA	NA	soil metagenome	NA	NA
SAMN08689272	SRS3038129	2016-06	China:Jianhan Plain	30.411	113.11	aquatic metagenome	NA	NA
SAMN03701748	SRS942336	01/08/2014	Trinidad and Tobago: Trinidad	10.641	-61.43	soil metagenome	NA	NA
SAMD00041508	DRS026687	2014-03	Japan:Satsuma Iwo-jima	30.780771	130.279461	sediment metagenome	NA	NA
SAMEA3474124	ERS785400	NA	NA	NA	NA	soil metagenome	NA	NA
SAMN04868321	SRS1520035	2014	"USA:Rifle, CO"	39.5297091	-107.7714995	freshwater metagenome	NA	NA
SAMN08223815	SRS2789972	01/02/2017	Pacific Ocean	32.481	-119.56	marine sediment metagenome	NA	NA
SAMN10864877	SRS4347095	17/04/2017	USA: Wisconsin	44.111	-88.23	activated sludge metagenome	NA	NA
SAMN10531946	SRS4114496	11/09/2015	China:Beijing	39.891	116.491	groundwater metagenome	NA	NA
SAMEA3474177	ERS785453	NA	NA	NA	NA	soil metagenome	NA	NA
SAMN09436856	SRS3454758	2016-08	China: Shaanxi Province	34.5571	107.9261	soil metagenome	NA	NA
SAMEA4051664	ERS1222774	NA	NA	NA	NA	soil metagenome	NA	NA
SAMN10866442	SRS4347343	18/08/2017	"Finland: Risofladan, Vaasa"	63.04721	21.71161	soil metagenome	NA	NA
SAMN09436869	SRS3454512	2016-08	China: Shaanxi Province	34.5621	107.9261	soil metagenome	NA	NA
SAMN10864879	SRS4347125	17/04/2017	USA: Wisconsin	44.111	-88.23	activated sludge metagenome	NA	NA
SAMD00041512	DRS026691	2014-03	Japan:Satsuma Iwo-jima	30.780771	130.279501	sediment metagenome	NA	NA
SAMEA3474228	ERS785504	NA	NA	NA	NA	soil metagenome	NA	NA
SAMN10864941	SRS4347097	17/04/2017	USA: Wisconsin	44.111	-88.23	activated sludge metagenome	NA	NA
SAMEA4051647	ERS1222757	NA	NA	NA	NA	soil metagenome	NA	NA
SAMN03765485	SRS958469	29/06/2006	USA: California	not1	1	hot springs metagenome	NA	NA
SAMEA3474132	ERS785408	NA	NA	NA	NA	soil metagenome	NA	NA
SAMN03765496	SRS958489	19/06/2012	USA: Nevada	not1	1	hot springs metagenome	NA	NA
SAMEA4051666	ERS1222776	NA	NA	NA	NA	soil metagenome	NA	NA
SAMN09436976	SRS3454659	2016-08	China: Shaanxi Province	34.5611	107.9211	soil metagenome	NA	NA
SAMN09436956	SRS3455124	2016-08	China: Shaanxi Province	34.5611	107.9211	soil metagenome	NA	NA
SAMN08636535	SRS3020372	15/11/2016	USA: Aiken SC	33.191	-81.42	soil metagenome	NA	NA
SAMN03765419	SRS958420	18/06/2012	USA: Nevada	40.396821	-119.21976	hot springs metagenome	NA	NA
SAMEA4353526	ERS1264975	NA	NA	NA	NA	soil metagenome	NA	NA
SAMN04252815	SRS1157462	13/09/2013	Brazil	-19.86160591	-43.79045354	soil metagenome	NA	NA
SAMN10973065	SRS4391949	01/07/2013	"China:Jiangxi, Jinggang Mountain"	26.671	114.41	soil metagenome	NA	NA
SAMN10864915	SRS4347109	17/04/2017	USA: Wisconsin	44.111	-88.23	activated sludge metagenome	NA	NA
SAMN03491570	SRS913800	11/10/2013	Pacific Ocean: Clarion-Clipperton Fracture Zone	13.851	-116.63	seawater metagenome	NA	NA
SAMN09437008	SRS3454882	2016-08	China: Shaanxi Province	34.5611	107.9211	soil metagenome	NA	NA
SAMN09436851	SRS3455007	2016-08	China: Shaanxi Province	34.5571	107.9261	soil metagenome	NA	NA
SAMN05384261	SRS1572641	21/09/2010	"Germany: Schloeppnerbrunnen fen II, Fichtel Mountains, northeastern Bavaria"	50.1318811	11.8810461	peat metagenome	NA	anaerobe
SAMEA3474115	ERS785391	NA	NA	NA	NA	soil metagenome	NA	NA
SAMN05391799	SRS1565962	2014-06	"USA: NC, Burke County, Linville Gorge"	35.90621	-81.9143	soil metagenome	NA	NA
SAMEA3474193	ERS785469	NA	NA	NA	NA	soil metagenome	NA	NA
SAMEA3474226	ERS785502	NA	NA	NA	NA	soil metagenome	NA	NA
SAMEA3474230	ERS785506	NA	NA	NA	NA	soil metagenome	NA	NA
SAMN04490991	SRS1299787	2014-06	USA: South Carolina	33.196251	-81.73808329	hydrocarbon metagenome	NA	NA
SAMN10864916	SRS4347096	17/04/2017	USA: Wisconsin	44.111	-88.23	activated sludge metagenome	NA	NA
SAMEA3474121	ERS785397	NA	NA	NA	NA	soil metagenome	NA	NA
SAMEA3474159	ERS785435	NA	NA	NA	NA	soil metagenome	NA	NA
SAMN03491561	SRS913791	08/10/2013	Pacific Ocean: Clarion-Clipperton Fracture Zone	13.881	-116.47	seawater metagenome	NA	NA
SAMN09436855	SRS3454481	2016-08	China: Shaanxi Province	34.5571	107.9261	soil metagenome	NA	NA
SAMN03491569	SRS913799	11/10/2013	Pacific Ocean: Clarion-Clipperton Fracture Zone	13.851	-116.63	seawater metagenome	NA	NA
SAMN09436858	SRS3454751	2016-08	China: Shaanxi Province	34.5571	107.9261	soil metagenome	NA	NA
SAMN05384391	SRS1572630	21/09/2010	"Germany: Schloeppnerbrunnen fen II, Fichtel Mountains, northeastern Bavaria"	50.1318811	11.8810461	peat metagenome	NA	anaerobe
SAMEA3474160	ERS785436	NA	NA	NA	NA	soil metagenome	NA	NA
SAMEA3474197	ERS785473	NA	NA	NA	NA	soil metagenome	NA	NA
SAMN10973071	SRS4391960	01/07/2013	"China:Guangdong, Dinghu Mountain"	23.181	112.61	soil metagenome	NA	NA
SAMN03765480	SRS958474	26/03/2013	USA: Nevada	40.396861	-119.21981	hot springs metagenome	NA	NA
SAMEA3474164	ERS785440	NA	NA	NA	NA	soil metagenome	NA	NA
SAMEA3474206	ERS785482	NA	NA	NA	NA	soil metagenome	NA	NA
SAMN06675641	SRS2094430	25/06/2015	missing	missing1	1	soil metagenome	NA	NA
SAMN03491563	SRS913794	08/10/2013	Pacific Ocean: Clarion-Clipperton Fracture Zone	13.881	-116.47	seawater metagenome	NA	NA
SAMN08223814	SRS2789967	01/02/2017	Pacific Ocean	32.481	-119.56	marine sediment metagenome	NA	NA
SAMEA3474134	ERS785410	NA	NA	NA	NA	soil metagenome	NA	NA
SAMN09436995	SRS3455017	2016-08	China: Shaanxi Province	34.5611	107.9211	soil metagenome	NA	NA
SAMN09436846	SRS3455001	2016-08	China: Shaanxi Province	34.5571	107.9261	soil metagenome	NA	NA
SAMEA4051665	ERS1222775	NA	NA	NA	NA	soil metagenome	NA	NA
SAMN09436997	SRS3455135	2016-08	China: Shaanxi Province	34.5611	107.9211	soil metagenome	NA	NA
SAMN10992547	SRS4414903	01/04/2013	"China:Guangdong, Dinghu Mountain"	23.181	112.61	soil metagenome	NA	NA
SAMEA4051672	ERS1222782	NA	NA	NA	NA	soil metagenome	NA	NA
SAMEA3474105	ERS785381	NA	NA	NA	NA	soil metagenome	NA	NA
SAMN10865521	SRS4347090	17/04/2017	USA: Wisconsin	44.111	-88.23	activated sludge metagenome	NA	NA
SAMN08193313	SRS2763840	17/05/2017	China: Hangzhou	30.11	108.51	soil metagenome	NA	NA
SAMN08636528	SRS3020361	15/11/2016	USA: Aiken SC	33.191	-81.42	soil metagenome	NA	NA
SAMN10622966	SRS4189879	2013-04	China: Guangdong Province	23.171	112.551	soil metagenome	NA	NA
SAMEA4051678	ERS1222788	NA	NA	NA	NA	soil metagenome	NA	NA
SAMEA4051675	ERS1222785	NA	NA	NA	NA	soil metagenome	NA	NA
SAMN09437005	SRS3454880	2016-08	China: Shaanxi Province	34.5611	107.9211	soil metagenome	NA	NA
SAMEA4051674	ERS1222784	NA	NA	NA	NA	soil metagenome	NA	NA
SAMN03350182	SRS851311	10/09/2013	Senegal	Missing1	1	soil metagenome	NA	NA
SAMEA3474165	ERS785441	NA	NA	NA	NA	soil metagenome	NA	NA
SAMN08636529	SRS3020378	15/11/2016	USA: Aiken SC	33.191	-81.42	soil metagenome	NA	NA
SAMEA4051676	ERS1222786	NA	NA	NA	NA	soil metagenome	NA	NA
SAMN05384271	SRS1572626	21/09/2010	"Germany: Schloeppnerbrunnen fen II, Fichtel Mountains, northeastern Bavaria"	50.1318811	11.8810461	peat metagenome	NA	anaerobe
SAMN09437006	SRS3454881	2016-08	China: Shaanxi Province	34.5611	107.9211	soil metagenome	NA	NA
SAMN05384321	SRS1572649	21/09/2010	"Germany: Schloeppnerbrunnen fen II, Fichtel Mountains, northeastern Bavaria"	50.1318811	11.8810461	peat metagenome	NA	anaerobe
SAMN10761924	SRS4331280	2016	India	21.9987001	80.6976671	soil metagenome	NA	NA
SAMEA4051670	ERS1222780	NA	NA	NA	NA	soil metagenome	NA	NA
SAMN06309168	SRS1961879	21/06/2011	"USA: Bemidji, MN"	47.341	-95.05	soil metagenome	NA	NA
SAMN05391802	SRS1565965	2014-06	"USA: NC, Burke County, Linville Gorge"	35.90621	-81.9143	soil metagenome	NA	NA
SAMN05391800	SRS1565964	2014-06	"USA: NC, Burke County, Linville Gorge"	35.90621	-81.9143	soil metagenome	NA	NA
SAMEA3474119	ERS785395	NA	NA	NA	NA	soil metagenome	NA	NA
SAMN03765432	SRS958422	19/06/2012	USA: Nevada	40.515551	-119.19914	hot springs metagenome	NA	NA
SAMN10762123	SRS4331282	2016	India	21.9987001	80.6976671	soil metagenome	NA	NA
SAMEA3474252	ERS785528	NA	NA	NA	NA	soil metagenome	NA	NA
SAMN10864922	SRS4347093	17/04/2017	USA: Wisconsin	44.111	-88.23	activated sludge metagenome	NA	NA
SAMN02399667	SRS500620	2012	New Zealand: Tikitere	-38.0640333	176.36075	hot springs metagenome	NA	NA
SAMEA4051649	ERS1222759	NA	NA	NA	NA	soil metagenome	NA	NA
SAMN10864878	SRS4347112	17/04/2017	USA: Wisconsin	44.111	-88.23	activated sludge metagenome	NA	NA
SAMEA4557209	ERS1456388	NA	NA	NA	NA	soil metagenome	NA	NA
SAMN05384331	SRS1572651	21/09/2010	"Germany: Schloeppnerbrunnen fen II, Fichtel Mountains, northeastern Bavaria"	50.1318811	11.8810461	peat metagenome	NA	anaerobe
SAMN09436981	SRS3454666	2016-08	China: Shaanxi Province	34.5611	107.9211	soil metagenome	NA	NA
SAMN03765498	SRS958487	21/06/2012	USA: Nevada	not1	1	hot springs metagenome	NA	NA
SAMN05245477	SRS1505137	2016	China	301	1221	aquatic metagenome	NA	NA
SAMN09436957	SRS3455125	2016-08	China: Shaanxi Province	34.5611	107.9211	soil metagenome	NA	NA
SAMEA3474189	ERS785465	NA	NA	NA	NA	soil metagenome	NA	NA
SAMN09436808	SRS3455117	2016-08	China: Shaanxi Province	34.5571	107.9261	soil metagenome	NA	NA
SAMN03765423	SRS958468	18/06/2012	USA: Nevada	40.391671	-119.22474	hot springs metagenome	NA	NA
SAMN05384391	SRS1572630	21/09/2010	"Germany: Schloeppnerbrunnen fen II, Fichtel Mountains, northeastern Bavaria"	50.1318811	11.8810461	peat metagenome	NA	anaerobe
SAMN04531410	SRS1328024	15/07/2015	China	not1	1	soil metagenome	NA	obligate anaerobe
SAMN09436980	SRS3454667	2016-08	China: Shaanxi Province	34.5611	107.9211	soil metagenome	NA	NA
SAMN10864913	SRS4347113	17/04/2017	USA: Wisconsin	44.111	-88.23	activated sludge metagenome	NA	NA
SAMN05384286	SRS1572633	21/09/2010	"Germany: Schloeppnerbrunnen fen II, Fichtel Mountains, northeastern Bavaria"	50.1318811	11.8810461	peat metagenome	NA	anaerobe
SAMEA4051671	ERS1222781	NA	NA	NA	NA	soil metagenome	NA	NA
SAMEA4051673	ERS1222783	NA	NA	NA	NA	soil metagenome	NA	NA
SAMN05553114	SRS1609417	2014-03	"New Zealand: Takahe Valley, Murchison Mountains"	-45.14	167.331	soil metagenome	NA	NA
SAMEA3474162	ERS785438	NA	NA	NA	NA	soil metagenome	NA	NA
SAMN06341004	SRS1983065	2016-04	"China:Hainan province, Xinglong town"	18.731	110.201	soil metagenome	NA	NA
SAMN09437028	SRS3454497	2016-08	China: Shaanxi Province	34.5611	107.9211	soil metagenome	NA	NA
SAMN09436854	SRS3454483	2016-08	China: Shaanxi Province	34.5571	107.9261	soil metagenome	NA	NA
SAMN08689186	SRS3038028	2016-06	China:Jianhan Plain	30.341	113.431	aquatic metagenome	NA	NA
SAMN03765421	SRS958445	18/06/2012	USA: Nevada	40.391821	-119.22499	hot springs metagenome	NA	NA
SAMN09436778	SRS3454952	2016-08	China: Shaanxi Province	34.5571	107.9261	soil metagenome	NA	NA
SAMN08636530	SRS3020377	15/11/2016	USA: Aiken SC	33.191	-81.42	soil metagenome	NA	NA
SAMN09436877	SRS3454605	2016-08	China: Shaanxi Province	34.5621	107.9261	soil metagenome	NA	NA
SAMN10720047	SRS4238910	2012-11-14/2014-06-17	USA: Tennessee	35.97551	-84.274678	groundwater metagenome	NA	NA
SAMEA3474260	ERS785536	NA	NA	NA	NA	soil metagenome	NA	NA
SAMEA3474171	ERS785447	NA	NA	NA	NA	soil metagenome	NA	NA
SAMN09437058	SRS3454865	2016-08	China: Shaanxi Province	34.5551	107.9311	soil metagenome	NA	NA
SAMN10992547	SRS4414903	01/04/2013	"China:Guangdong, Dinghu Mountain"	23.181	112.61	soil metagenome	NA	NA
SAMN09436806	SRS3455119	2016-08	China: Shaanxi Province	34.5571	107.9261	soil metagenome	NA	NA
SAMN09436844	SRS3455004	2016-08	China: Shaanxi Province	34.5571	107.9261	soil metagenome	NA	NA
SAMN10992547	SRS4414903	01/04/2013	"China:Guangdong, Dinghu Mountain"	23.181	112.61	soil metagenome	NA	NA
SAMN09436983	SRS3454866	2016-08	China: Shaanxi Province	34.5611	107.9211	soil metagenome	NA	NA
SAMN09436994	SRS3454826	2016-08	China: Shaanxi Province	34.5611	107.9211	soil metagenome	NA	NA
SAMEA3474137	ERS785413	NA	NA	NA	NA	soil metagenome	NA	NA
SAMN09436914	SRS3454768	2016-08	China: Shaanxi Province	34.5621	107.9261	soil metagenome	NA	NA
SAMN09436779	SRS3454951	2016-08	China: Shaanxi Province	34.5571	107.9261	soil metagenome	NA	NA
SAMEA3474185	ERS785461	NA	NA	NA	NA	soil metagenome	NA	NA
SAMEA4051689	ERS1222799	NA	NA	NA	NA	soil metagenome	NA	NA
SAMN05384301	SRS1572620	21/09/2010	"Germany: Schloeppnerbrunnen fen II, Fichtel Mountains, northeastern Bavaria"	50.1318811	11.8810461	peat metagenome	NA	anaerobe
SAMN10621502	SRS4179409	01/02/2011	USA: Gulf of Mexico	28.091	-87.02	marine sediment metagenome	NA	NA
SAMN07782857	SRS2592958	2012-10	USA:Gulf of Mexico	28.94011	-87.5824	marine sediment metagenome	NA	NA
SAMN08689185	SRS3038026	2016-06	China:Jianhan Plain	30.421	113.261	aquatic metagenome	NA	NA
SAMEA4051687	ERS1222797	NA	NA	NA	NA	soil metagenome	NA	NA
SAMN10699986	SRS4216707	2018-06	"Canada: Saskatchewan, Cluff Lake"	58.37691	-109.5471	soil metagenome	NA	NA
SAMN08223839	SRS2789954	01/02/2017	Pacific Ocean	33.001	-117.57	marine sediment metagenome	NA	NA
SAMN08689222	SRS3038114	2016-06	China:Jianhan Plain	30.421	113.331	aquatic metagenome	NA	NA
SAMN09437010	SRS3454885	2016-08	China: Shaanxi Province	34.5611	107.9211	soil metagenome	NA	NA
SAMEA104139461	ERS1798479	NA	NA	NA	NA	soil metagenome	NA	NA
SAMN03350160	SRS851333	10/09/2013	Senegal	Missing1	1	soil metagenome	NA	NA
SAMN09436998	SRS3455133	2016-08	China: Shaanxi Province	34.5611	107.9211	soil metagenome	NA	NA
SAMN03491571	SRS913801	11/10/2013	Pacific Ocean: Clarion-Clipperton Fracture Zone	13.851	-116.63	seawater metagenome	NA	NA
SAMN09437020	SRS3455347	2016-08	China: Shaanxi Province	34.5611	107.9211	soil metagenome	NA	NA
SAMN05384361	SRS1572647	21/09/2010	"Germany: Schloeppnerbrunnen fen II, Fichtel Mountains, northeastern Bavaria"	50.1318811	11.8810461	peat metagenome	NA	anaerobe
SAMN03350181	SRS851312	10/09/2013	Senegal	Missing1	1	soil metagenome	NA	NA
SAMN09436777	SRS3454953	2016-08	China: Shaanxi Province	34.5571	107.9261	soil metagenome	NA	NA
SAMN05384416	SRS1572622	21/09/2010	"Germany: Schloeppnerbrunnen fen II, Fichtel Mountains, northeastern Bavaria"	50.1318811	11.8810461	peat metagenome	NA	anaerobe
SAMN04009581	SRS1044272	2011-08	China: Shennongjia	31.601	110.281	soil metagenome	NA	NA
SAMN03491555	SRS913785	13/10/2013	Pacific Ocean: Clarion-Clipperton Fracture Zone	13.961	-116.57	seawater metagenome	NA	NA
SAMN06043561	SRS1811080	2007-05	Netherlands	not1	1	soil metagenome	NA	NA
SAMN09436868	SRS3454511	2016-08	China: Shaanxi Province	34.5621	107.9261	soil metagenome	NA	NA
SAMN09436969	SRS3454489	2016-08	China: Shaanxi Province	34.5611	107.9211	soil metagenome	NA	NA
SAMD00041513	DRS026692	2014-03	Japan:Satsuma Iwo-jima	30.780771	130.279511	sediment metagenome	NA	NA
SAMN09436841	SRS3455268	2016-08	China: Shaanxi Province	34.5571	107.9261	soil metagenome	NA	NA
SAMN10992549	SRS4414922	01/10/2013	"China:Guangdong, Dinghu Mountain"	23.181	112.61	soil metagenome	NA	NA
SAMN09436901	SRS3455282	2016-08	China: Shaanxi Province	34.5621	107.9261	soil metagenome	NA	NA
SAMN05553076	SRS1609374	2014-03	"New Zealand: Takahe Valley, Murchison Mountains"	-45.14	167.331	soil metagenome	NA	NA
SAMN09436915	SRS3454769	2016-08	China: Shaanxi Province	34.5621	107.9261	soil metagenome	NA	NA
SAMN09437027	SRS3454499	2016-08	China: Shaanxi Province	34.5611	107.9211	soil metagenome	NA	NA
SAMEA3474244	ERS785520	NA	NA	NA	NA	soil metagenome	NA	NA
SAMN09437059	SRS3454863	2016-08	China: Shaanxi Province	34.5551	107.9311	soil metagenome	NA	NA
SAMN07483676	SRS2417891	2015	Australia: Kencherrang fenced	-13.84394	141.6163901	soil metagenome	NA	NA
SAMN10866440	SRS4347340	18/08/2017	"Finland: Risofladan, Vaasa"	63.04721	21.71161	soil metagenome	NA	NA
SAMN09436789	SRS3454706	2016-08	China: Shaanxi Province	34.5571	107.9261	soil metagenome	NA	NA
SAMN09436955	SRS3455131	2016-08	China: Shaanxi Province	34.5611	107.9211	soil metagenome	NA	NA
SAMN10992547	SRS4414903	01/04/2013	"China:Guangdong, Dinghu Mountain"	23.181	112.61	soil metagenome	NA	NA
SAMN09436918	SRS3454772	2016-08	China: Shaanxi Province	34.5621	107.9261	soil metagenome	NA	NA
SAMN10622967	SRS4189875	2013-04	China: Guangdong Province	23.171	112.551	soil metagenome	NA	NA
SAMEA3474179	ERS785455	NA	NA	NA	NA	soil metagenome	NA	NA
SAMEA3474292	ERS785568	NA	NA	NA	NA	soil metagenome	NA	NA
SAMN09437026	SRS3454500	2016-08	China: Shaanxi Province	34.5611	107.9211	soil metagenome	NA	NA
SAMN09436849	SRS3454998	2016-08	China: Shaanxi Province	34.5571	107.9261	soil metagenome	NA	NA
SAMN10622968	SRS4189876	2013-04	China: Guangdong Province	23.171	112.551	soil metagenome	NA	NA
SAMN10882654	SRS4343056	18/05/2017	India	Not1	1	freshwater sediment metagenome	NA	NA
SAMN07782848	SRS2592998	2012-10	USA:Gulf of Mexico	28.94011	-87.5824	marine sediment metagenome	NA	NA
SAMN07785570	SRS2594338	2012-10	USA:Gulf of Mexico	28.91641	-87.6691	marine sediment metagenome	NA	NA
SAMN09436921	SRS3454759	2016-08	China: Shaanxi Province	34.5621	107.9261	soil metagenome	NA	NA
SAMEA3474288	ERS785564	NA	NA	NA	NA	soil metagenome	NA	NA
SAMN09436988	SRS3454776	2016-08	China: Shaanxi Province	34.5611	107.9211	soil metagenome	NA	NA
SAMN09436799	SRS3454471	2016-08	China: Shaanxi Province	34.5571	107.9261	soil metagenome	NA	NA
SAMN04531410	SRS1328024	15/07/2015	China	not1	1	soil metagenome	NA	obligate anaerobe
SAMN10992541	SRS4414917	01/04/2013	"China:Jiangxi, Jinggang Mountain"	26.671	114.41	soil metagenome	NA	NA
SAMN08223838	SRS2789955	01/02/2017	Pacific Ocean	33.001	-117.57	marine sediment metagenome	NA	NA
SAMEA4557191	ERS1456370	NA	NA	NA	NA	soil metagenome	NA	NA
SAMN04531410	SRS1328024	15/07/2015	China	not1	1	soil metagenome	NA	obligate anaerobe
SAMN02673299	SRS569226	18/07/2009	Atlantic Ocean: Loke's Castle hydrothermal field	missing1	1	hydrothermal vent metagenome	NA	NA
SAMEA3474135	ERS785411	NA	NA	NA	NA	soil metagenome	NA	NA
SAMEA3474290	ERS785566	NA	NA	NA	NA	soil metagenome	NA	NA
SAMN10820181	SRS4293845	24/04/2013	Spain: Blanes Open Slope	41.1450001	2.8925001	marine sediment metagenome	NA	NA
SAMN10761940	SRS4327376	2016	India	21.9987001	80.6976671	soil metagenome	NA	NA
SAMN08223826	SRS2789986	01/02/2017	Pacific Ocean	33.041	-117.57	marine sediment metagenome	NA	NA
SAMN03765507	SRS958499	22/06/2012	USA: California	not1	1	hot springs metagenome	NA	NA
SAMN03350163	SRS851330	10/09/2013	Senegal	Missing1	1	soil metagenome	NA	NA
SAMN05553116	SRS1609419	2014-03	"New Zealand: Takahe Valley, Murchison Mountains"	-45.14	167.331	soil metagenome	NA	NA
SAMN09436786	SRS3454704	2016-08	China: Shaanxi Province	34.5571	107.9261	soil metagenome	NA	NA
SAMN07785456	SRS2594289	2012-10	USA:Gulf of Mexico	28.63651	-87.8685	marine sediment metagenome	NA	NA
SAMEA4051668	ERS1222778	NA	NA	NA	NA	soil metagenome	NA	NA
SAMN09436913	SRS3454766	2016-08	China: Shaanxi Province	34.5621	107.9261	soil metagenome	NA	NA
SAMN10992547	SRS4414903	01/04/2013	"China:Guangdong, Dinghu Mountain"	23.181	112.61	soil metagenome	NA	NA
SAMN09437040	SRS3454792	2016-08	China: Shaanxi Province	34.5611	107.9211	soil metagenome	NA	NA
SAMN09436900	SRS3455281	2016-08	China: Shaanxi Province	34.5621	107.9261	soil metagenome	NA	NA
SAMEA104139567	ERS1798585	NA	NA	NA	NA	soil metagenome	NA	NA
SAMEA3474156	ERS785432	NA	NA	NA	NA	soil metagenome	NA	NA
SAMEA3474167	ERS785443	NA	NA	NA	NA	soil metagenome	NA	NA
SAMN09437029	SRS3454498	2016-08	China: Shaanxi Province	34.5611	107.9211	soil metagenome	NA	NA
SAMN02837974	SRS631671	2011-04	USA: VT	VT1	44.1.9121	soil metagenome	NA	NA
SAMN02838019	SRS631696	2012-10	USA: VT	VT1	44.1.9121	soil metagenome	NA	NA
SAMN02837938	SRS631705	2011-06	USA: NH	NH1	43.34.511	soil metagenome	NA	NA
SAMN02837976	SRS631726	2011-06	USA: VT	VT1	44.1.9121	soil metagenome	NA	NA
SAMN02838011	SRS631740	2012-06	USA: VT	VT1	44.1.9121	soil metagenome	NA	NA
SAMN09436895	SRS3455271	2016-08	China: Shaanxi Province	34.5621	107.9261	soil metagenome	NA	NA
SAMN08223817	SRS2789969	01/02/2017	Pacific Ocean	32.481	-119.56	marine sediment metagenome	NA	NA
SAMN05384296	SRS1572638	21/09/2010	"Germany: Schloeppnerbrunnen fen II, Fichtel Mountains, northeastern Bavaria"	50.1318811	11.8810461	peat metagenome	NA	anaerobe
SAMN09437017	SRS3454739	2016-08	China: Shaanxi Province	34.5611	107.9211	soil metagenome	NA	NA
SAMEA4557199	ERS1456378	NA	NA	NA	NA	soil metagenome	NA	NA
SAMEA3474175	ERS785451	NA	NA	NA	NA	soil metagenome	NA	NA
SAMN09436977	SRS3454658	2016-08	China: Shaanxi Province	34.5611	107.9211	soil metagenome	NA	NA
SAMN09436960	SRS3455137	2016-08	China: Shaanxi Province	34.5611	107.9211	soil metagenome	NA	NA
SAMN09436987	SRS3454958	2016-08	China: Shaanxi Province	34.5611	107.9211	soil metagenome	NA	NA
SAMN05384421	SRS1572648	21/09/2010	"Germany: Schloeppnerbrunnen fen II, Fichtel Mountains, northeastern Bavaria"	50.1318811	11.8810461	peat metagenome	NA	anaerobe
SAMN05384351	SRS1572627	21/09/2010	"Germany: Schloeppnerbrunnen fen II, Fichtel Mountains, northeastern Bavaria"	50.1318811	11.8810461	peat metagenome	NA	anaerobe
SAMN09436826	SRS3454629	2016-08	China: Shaanxi Province	34.5571	107.9261	soil metagenome	NA	NA
SAMN05553112	SRS1609415	2014-03	"New Zealand: Takahe Valley, Murchison Mountains"	-45.14	167.331	soil metagenome	NA	NA
SAMEA3474163	ERS785439	NA	NA	NA	NA	soil metagenome	NA	NA
SAMN05601530	SRS1630835	2012-05	China:Heilongjiang	47.791	133.631	soil metagenome	NA	NA
SAMN10621518	SRS4179253	28/01/2011	USA: Gulf of Mexico	27.761	-86.65	marine sediment metagenome	NA	NA
SAMEA3474103	ERS785379	NA	NA	NA	NA	soil metagenome	NA	NA
SAMN10622962	SRS4189882	2013-10	China: Guangdong Province	23.171	112.551	soil metagenome	NA	NA
SAMN04252815	SRS1157462	13/09/2013	Brazil	-19.86160591	-43.79045354	soil metagenome	NA	NA
SAMN09436989	SRS3454812	2016-08	China: Shaanxi Province	34.5611	107.9211	soil metagenome	NA	NA
SAMN07782965	SRS2592869	2012-10	USA:Gulf of Mexico	29.00031	-87.5074	marine sediment metagenome	NA	NA
SAMN09437025	SRS3454494	2016-08	China: Shaanxi Province	34.5611	107.9211	soil metagenome	NA	NA
SAMN08223855	SRS2789959	01/08/2016	Arctic Ocean	72.161	-1.41	marine sediment metagenome	NA	NA
SAMN09436979	SRS3454660	2016-08	China: Shaanxi Province	34.5611	107.9211	soil metagenome	NA	NA
SAMN10992549	SRS4414922	01/10/2013	"China:Guangdong, Dinghu Mountain"	23.181	112.61	soil metagenome	NA	NA
SAMN03350166	SRS851328	10/09/2013	Senegal	Missing1	1	soil metagenome	NA	NA
SAMEA3474107	ERS785383	NA	NA	NA	NA	soil metagenome	NA	NA
SAMN09436907	SRS3454641	2016-08	China: Shaanxi Province	34.5621	107.9261	soil metagenome	NA	NA
SAMN10992543	SRS4414915	01/10/2013	"China:Jiangxi, Jinggang Mountain"	26.671	114.41	soil metagenome	NA	NA
SAMN10992549	SRS4414922	01/10/2013	"China:Guangdong, Dinghu Mountain"	23.181	112.61	soil metagenome	NA	NA
SAMEA3474131	ERS785407	NA	NA	NA	NA	soil metagenome	NA	NA
SAMN09436959	SRS3455127	2016-08	China: Shaanxi Province	34.5611	107.9211	soil metagenome	NA	NA
SAMEA3474187	ERS785463	NA	NA	NA	NA	soil metagenome	NA	NA
SAMN09436810	SRS3454830	2016-08	China: Shaanxi Province	34.5571	107.9261	soil metagenome	NA	NA
SAMN10992541	SRS4414917	01/04/2013	"China:Jiangxi, Jinggang Mountain"	26.671	114.41	soil metagenome	NA	NA
SAMN07782846	SRS2593003	2012-10	USA:Gulf of Mexico	28.94011	-87.5824	marine sediment metagenome	NA	NA
SAMD00041511	DRS026690	2014-03	Japan:Satsuma Iwo-jima	30.780771	130.279491	sediment metagenome	NA	NA
SAMN09437018	SRS3454741	2016-08	China: Shaanxi Province	34.5611	107.9211	soil metagenome	NA	NA
SAMEA4557221	ERS1456400	NA	NA	NA	NA	soil metagenome	NA	NA
SAMEA104139538	ERS1798556	NA	NA	NA	NA	soil metagenome	NA	NA
SAMN09436951	SRS3454521	2016-08	China: Shaanxi Province	34.5621	107.9261	soil metagenome	NA	NA
SAMN09436775	SRS3454947	2016-08	China: Shaanxi Province	34.5571	107.9261	soil metagenome	NA	NA
SAMEA3474123	ERS785399	NA	NA	NA	NA	soil metagenome	NA	NA
SAMEA33552418	ERS1482851	NA	NA	NA	NA	aquatic metagenome	NA	NA
SAMN07782847	SRS2592999	2012-10	USA:Gulf of Mexico	28.94011	-87.5824	marine sediment metagenome	NA	NA
SAMN09436971	SRS3454495	2016-08	China: Shaanxi Province	34.5611	107.9211	soil metagenome	NA	NA
SAMN05553113	SRS1609416	2014-03	"New Zealand: Takahe Valley, Murchison Mountains"	-45.14	167.331	soil metagenome	NA	NA
SAMN06458626	SRS2023668	2016	China: Qinghai	36.561	100.531	aquatic metagenome	NA	NA
SAMEA3673595	ERS980744	NA	NA	NA	NA	soil metagenome	NA	NA
SAMN08689268	SRS3038103	2016-06	China:Jianhan Plain	30.441	113.361	aquatic metagenome	NA	NA
SAMN09436937	SRS3455159	2016-08	China: Shaanxi Province	34.5621	107.9261	soil metagenome	NA	NA
SAMN10622965	SRS4189877	2013-04	China: Guangdong Province	23.171	112.551	soil metagenome	NA	NA
SAMN10992547	SRS4414903	01/04/2013	"China:Guangdong, Dinghu Mountain"	23.181	112.61	soil metagenome	NA	NA
SAMN09436788	SRS3454708	2016-08	China: Shaanxi Province	34.5571	107.9261	soil metagenome	NA	NA
SAMN09436809	SRS3455118	2016-08	China: Shaanxi Province	34.5571	107.9261	soil metagenome	NA	NA
SAMN04350609	SRS1212629	26/05/2015	"Argentina:SanLuis,La Carolina"	-32.808284	-66.087911	sediment metagenome	NA	NA
SAMN10623024	SRS4189902	2013-04	China: Jiangxi Province	26.531	114.181	soil metagenome	NA	NA
SAMN07782964	SRS2592868	2012-10	USA:Gulf of Mexico	29.00031	-87.5074	marine sediment metagenome	NA	NA
SAMN09436857	SRS3454756	2016-08	China: Shaanxi Province	34.5571	107.9261	soil metagenome	NA	NA
SAMN09436776	SRS3454954	2016-08	China: Shaanxi Province	34.5571	107.9261	soil metagenome	NA	NA
SAMN03765483	SRS958471	29/06/2006	USA: California	not1	1	hot springs metagenome	NA	NA
SAMEA4051677	ERS1222787	NA	NA	NA	NA	soil metagenome	NA	NA
SAMN03350168	SRS851323	10/09/2013	Senegal	Missing1	1	soil metagenome	NA	NA
SAMN09436985	SRS3454961	2016-08	China: Shaanxi Province	34.5611	107.9211	soil metagenome	NA	NA
SAMN09436961	SRS3455136	2016-08	China: Shaanxi Province	34.5611	107.9211	soil metagenome	NA	NA
SAMEA104139485	ERS1798503	NA	NA	NA	NA	soil metagenome	NA	NA
SAMN09436853	SRS3454753	2016-08	China: Shaanxi Province	34.5571	107.9261	soil metagenome	NA	NA
SAMN09436968	SRS3454490	2016-08	China: Shaanxi Province	34.5611	107.9211	soil metagenome	NA	NA
SAMN10850743	SRS4311853	2015-11	Viet Nam: Cattien National Park	11.431	107.431	soil metagenome	NA	NA
SAMN09437019	SRS3454740	2016-08	China: Shaanxi Province	34.5611	107.9211	soil metagenome	NA	NA
SAMN09437009	SRS3454883	2016-08	China: Shaanxi Province	34.5611	107.9211	soil metagenome	NA	NA
SAMN09436859	SRS3454752	2016-08	China: Shaanxi Province	34.5571	107.9261	soil metagenome	NA	NA
SAMN10623018	SRS4189889	2013-10	China: Jiangxi Province	26.531	114.181	soil metagenome	NA	NA
SAMN10622986	SRS4189860	2014-07	China: Guangdong Province	23.171	112.551	soil metagenome	NA	NA
SAMN10909298	SRS4353179	2016	Germany: Mecklenbrug-Brandenburg	53.171	13.031	freshwater sediment metagenome	NA	NA
SAMN03765486	SRS958484	19/06/2012	USA: Nevada	not1	1	hot springs metagenome	NA	NA
SAMEA4557205	ERS1456384	NA	NA	NA	NA	soil metagenome	NA	NA
SAMN05391780	SRS1565960	2014-06	"USA: NC, Burke County, Linville Gorge"	35.90621	-81.9143	soil metagenome	NA	NA
SAMN09436876	SRS3455025	2016-08	China: Shaanxi Province	34.5621	107.9261	soil metagenome	NA	NA
SAMN09437001	SRS3454987	2016-08	China: Shaanxi Province	34.5611	107.9211	soil metagenome	NA	NA
SAMN10959231	SRS4374053	29/06/2013	China: Hani terrace	23.111	102.741	soil metagenome	NA	NA
SAMN10992551	SRS4414899	01/07/2014	"China:Guangdong, Dinghu Mountain"	23.181	112.61	soil metagenome	NA	NA
SAMN09436916	SRS3454770	2016-08	China: Shaanxi Province	34.5621	107.9261	soil metagenome	NA	NA
SAMN09437071	SRS3454686	2016-08	China: Shaanxi Province	34.5551	107.9311	soil metagenome	NA	NA
SAMN09436974	SRS3454665	2016-08	China: Shaanxi Province	34.5611	107.9211	soil metagenome	NA	NA
SAMN09436866	SRS3454509	2016-08	China: Shaanxi Province	34.5621	107.9261	soil metagenome	NA	NA
SAMN09436836	SRS3455260	2016-08	China: Shaanxi Province	34.5571	107.9261	soil metagenome	NA	NA
SAMN10992541	SRS4414917	01/04/2013	"China:Jiangxi, Jinggang Mountain"	26.671	114.41	soil metagenome	NA	NA
SAMN09436890	SRS3455170	2016-08	China: Shaanxi Province	34.5621	107.9261	soil metagenome	NA	NA
SAMN09436952	SRS3455129	2016-08	China: Shaanxi Province	34.5611	107.9211	soil metagenome	NA	NA
SAMN03765499	SRS958486	21/06/2012	USA: Nevada	not1	1	hot springs metagenome	NA	NA
SAMN07782933	SRS2593031	2012-10	USA:Gulf of Mexico	28.94011	-87.5824	marine sediment metagenome	NA	NA
SAMEA3474109	ERS785385	NA	NA	NA	NA	soil metagenome	NA	NA
SAMN02837945	SRS631664	2011-01	USA: NH	NH1	43.34.621	soil metagenome	NA	NA
SAMN02838001	SRS631689	2012-10	USA: VT	VT1	44.1.841	soil metagenome	NA	NA
SAMN02837946	SRS631698	2011-02	USA: NH	NH1	43.34.621	soil metagenome	NA	NA
SAMN02837958	SRS631720	2011-02	USA: VT	VT1	44.1.841	soil metagenome	NA	NA
SAMN02837992	SRS631734	2012-02	USA: VT	VT1	44.1.841	soil metagenome	NA	NA
SAMN10992551	SRS4414899	01/07/2014	"China:Guangdong, Dinghu Mountain"	23.181	112.61	soil metagenome	NA	NA
SAMN04531410	SRS1328024	15/07/2015	China	not1	1	soil metagenome	NA	obligate anaerobe
SAMN10864940	SRS4347107	17/04/2017	USA: Wisconsin	44.111	-88.23	activated sludge metagenome	NA	NA
SAMEA3474108	ERS785384	NA	NA	NA	NA	soil metagenome	NA	NA
SAMN09436984	SRS3454959	2016-08	China: Shaanxi Province	34.5611	107.9211	soil metagenome	NA	NA
SAMN09436860	SRS3454745	2016-08	China: Shaanxi Province	34.5571	107.9261	soil metagenome	NA	NA
SAMN09436885	SRS3455209	2016-08	China: Shaanxi Province	34.5621	107.9261	soil metagenome	NA	NA
SAMN08689203	SRS3038152	2016-06	China:Jianhan Plain	30.461	113.391	aquatic metagenome	NA	NA
SAMN03765497	SRS958488	19/06/2012	USA: Nevada	not1	1	hot springs metagenome	NA	NA
SAMN07782956	SRS2592950	2012-10	USA:Gulf of Mexico	29.00031	-87.5074	marine sediment metagenome	NA	NA
SAMEA3474184	ERS785460	NA	NA	NA	NA	soil metagenome	NA	NA
SAMN09436906	SRS3454642	2016-08	China: Shaanxi Province	34.5621	107.9261	soil metagenome	NA	NA
SAMEA4557178	ERS1456357	NA	NA	NA	NA	soil metagenome	NA	NA
SAMN09436999	SRS3455132	2016-08	China: Shaanxi Province	34.5611	107.9211	not_specified	NA	NA
SAMN02673302	SRS570812	18/06/2011	Atlantic Ocean: Soria Moria hydrothermal field	missing1	1	not_specified	NA	NA
SAMN09436917	SRS3454771	2016-08	China: Shaanxi Province	34.5621	107.9261	not_specified	NA	NA
SAMN09436870	SRS3454733	2016-08	China: Shaanxi Province	34.5621	107.9261	soil metagenome	NA	NA
SAMN10623022	SRS4189900	2013-04	China: Jiangxi Province	26.531	114.181	soil metagenome	NA	NA
SAMN03765426	SRS958433	19/06/2012	USA: Nevada	40.404471	-87.5074	hot springs metagenome	NA	NA
SAMN07782932	SRS2592997	2012-10	USA:Gulf of Mexico	28.94011	-87.5824	marine sediment metagenome	NA	NA
SAMN04531410	SRS1328024	15/07/2015	China	not1	1	soil metagenome	NA	obligate anaerobe
SAMN05553099	SRS1609401	2014-03	"New Zealand: Takahe Valley, Murchison Mountains"	-45.14	167.331	soil metagenome	NA	NA
SAMN09436904	SRS3454638	2016-08	China: Shaanxi Province	34.5621	107.9261	soil metagenome	NA	NA
SAMN09436923	SRS3455014	2016-08	China: Shaanxi Province	34.5621	107.9261	soil metagenome	NA	NA
SAMEA3673597	ERS980746	NA	NA	NA	NA	soil metagenome	NA	NA
SAMEA3474116	ERS785392	NA	NA	NA	NA	soil metagenome	NA	NA
SAMN09436966	SRS3454492	2016-08	China: Shaanxi Province	34.5611	107.9211	soil metagenome	NA	NA
SAMN08689167	SRS3038054	2016-06	China:Jianhan Plain	30.391	113.071	aquatic metagenome	NA	NA
SAMN09436958	SRS3455126	2016-08	China: Shaanxi Province	34.5611	107.9211	soil metagenome	NA	NA
SAMN07782967	SRS2592871	2012-10	USA:Gulf of Mexico	29.00031	-87.5074	marine sediment metagenome	NA	NA
SAMN07785565	SRS2594301	2012-10	USA:Gulf of Mexico	28.91641	-87.6691	marine sediment metagenome	NA	NA
SAMN09437016	SRS3454738	2016-08	China: Shaanxi Province	34.5611	107.9211	soil metagenome	NA	NA
SAMN09436905	SRS3454639	2016-08	China: Shaanxi Province	34.5621	107.9261	soil metagenome	NA	NA
SAMN09436867	SRS3454510	2016-08	China: Shaanxi Province	34.5621	107.9261	soil metagenome	NA	NA
SAMEA104139493	ERS1798511	NA	NA	NA	NA	soil metagenome	NA	NA
SAMN02837933	SRS631665	2011-01	USA: NH	NH1	43.34.511	soil metagenome	NA	NA
SAMN02838002	SRS631690	2012-10	USA: VT	VT1	44.1.841	soil metagenome	NA	NA
SAMN02837934	SRS631699	2011-02	USA: NH	NH1	43.34.511	soil metagenome	NA	NA
SAMN02837972	SRS631721	2011-02	USA: VT	VT1	44.1.9121	soil metagenome	NA	NA
SAMN02838007	SRS631735	2012-02	USA: VT	VT1	44.1.9121	soil metagenome	NA	NA
SAMN03350162	SRS851331	10/09/2013	Senegal	Missing1	1	soil metagenome	NA	NA
SAMN08933615	SRS3174525	04/07/2017	"China:JiangxiProvince,Longnan"	24.82441	114.82001	soil metagenome	NA	anaerobe
SAMN09436947	SRS3454525	2016-08	China: Shaanxi Province	34.5621	107.9261	soil metagenome	NA	NA
SAMN09436970	SRS3454496	2016-08	China: Shaanxi Province	34.5611	107.9211	soil metagenome	NA	NA
SAMEA3474100	ERS785376	NA	NA	NA	NA	soil metagenome	NA	NA
SAMN10699991	SRS4216700	2017-06	"Canada: Saskatchewan, Cluff Lake"	58.37661	-109.548	soil metagenome	NA	NA
SAMN07782955	SRS2592955	2012-10	USA:Gulf of Mexico	29.00031	-87.5074	marine sediment metagenome	NA	NA
SAMN07782978	SRS2592902	2012-10	USA:Gulf of Mexico	28.94011	-87.5824	marine sediment metagenome	NA	NA
SAMN06241499	SRS1932281	2012-12	Thailand: Ang Thong province	14.641	100.231	soil metagenome	NA	NA
SAMEA4353550	ERS1264999	NA	NA	NA	NA	soil metagenome	NA	NA
SAMN09211837	SRS3315978	2015	Canada	63.25241	-120.8464	hydrocarbon metagenome	NA	NA
SAMN02673304	SRS570792	18/06/2011	Atlantic Ocean: Soria Moria hydrothermal field	missing1	1	hydrothermal vent metagenome	NA	NA
SAMN05384376	SRS1572635	21/09/2010	"Germany: Schloeppnerbrunnen fen II, Fichtel Mountains, northeastern Bavaria"	50.1318811	11.8810461	peat metagenome	NA	anaerobe
SAMN08200974	SRS2767374	28/11/2015	China:laibin city	23.421	109.051	soil metagenome	NA	NA
SAMN09436965	SRS3454485	2016-08	China: Shaanxi Province	34.5611	107.9211	soil metagenome	NA	NA
SAMN09436861	SRS3455349	2016-08	China: Shaanxi Province	34.5571	107.9261	soil metagenome	NA	NA
SAMN09437035	SRS3455243	2016-08	China: Shaanxi Province	34.5611	107.9211	soil metagenome	NA	NA
SAMN03765506	SRS958491	22/06/2012	USA: California	not1	1	hot springs metagenome	NA	NA
SAMN09437030	SRS3454701	2016-08	China: Shaanxi Province	34.5611	107.9211	soil metagenome	NA	NA
SAMN09436871	SRS3454851	2016-08	China: Shaanxi Province	34.5621	107.9261	soil metagenome	NA	NA
SAMN09436936	SRS3455350	2016-08	China: Shaanxi Province	34.5621	107.9261	soil metagenome	NA	NA
SAMN07782984	SRS2593090	2012-10	USA:Gulf of Mexico	28.97611	-87.8683	marine sediment metagenome	NA	NA
SAMN07782966	SRS2592870	2012-10	USA:Gulf of Mexico	29.00031	-87.5074	marine sediment metagenome	NA	NA
SAMN09436817	SRS3454856	2016-08	China: Shaanxi Province	34.5571	107.9261	soil metagenome	NA	NA
SAMN09436887	SRS3455213	2016-08	China: Shaanxi Province	34.5621	107.9261	soil metagenome	NA	NA
SAMN10699985	SRS4216706	2017-06	"Canada: Saskatchewan, Cluff Lake"	58.37691	-109.5471	soil metagenome	NA	NA
SAMN10820161	SRS4293842	01/10/2012	Spain: Blanes Open Slope	41.1450001	2.8925001	marine sediment metagenome	NA	NA
SAMEA3871885	ERS1059019	NA	NA	NA	NA	soil metagenome	NA	NA
SAMN09436953	SRS3455128	2016-08	China: Shaanxi Province	34.5611	107.9211	soil metagenome	NA	NA
SAMEA4051663	ERS1222773	NA	NA	NA	NA	soil metagenome	NA	NA
SAMN09436865	SRS3454516	2016-08	China: Shaanxi Province	34.5621	107.9261	soil metagenome	NA	NA
SAMN10992541	SRS4414917	01/04/2013	"China:Jiangxi, Jinggang Mountain"	26.671	114.41	soil metagenome	NA	NA
SAMN09436850	SRS3455005	2016-08	China: Shaanxi Province	34.5571	107.9261	soil metagenome	NA	NA
SAMN07785566	SRS2594300	2012-10	USA:Gulf of Mexico	28.91641	-87.6691	marine sediment metagenome	NA	NA
SAMEA3474198	ERS785474	NA	NA	NA	NA	soil metagenome	NA	NA
SAMN09436978	SRS3454661	2016-08	China: Shaanxi Province	34.5611	107.9211	soil metagenome	NA	NA
SAMN10622972	SRS4189831	2013-07	China: Guangdong Province	23.171	112.551	soil metagenome	NA	NA
SAMEA3474161	ERS785437	NA	NA	NA	NA	soil metagenome	NA	NA
SAMEA3474169	ERS785445	NA	NA	NA	NA	soil metagenome	NA	NA
SAMN09436945	SRS3454531	2016-08	China: Shaanxi Province	34.5621	107.9261	soil metagenome	NA	NA
SAMN09436840	SRS3455270	2016-08	China: Shaanxi Province	34.5571	107.9261	soil metagenome	NA	NA
SAMN10622963	SRS4189878	2013-10	China: Guangdong Province	23.171	112.551	soil metagenome	NA	NA
SAMN03765416	SRS958434	19/06/2012	USA: Nevada	40.397631	-119.22018	hot springs metagenome	NA	NA
SAMN09437037	SRS3455250	2016-08	China: Shaanxi Province	34.5611	107.9211	soil metagenome	NA	NA
SAMN09436886	SRS3455216	2016-08	China: Shaanxi Province	34.5621	107.9261	soil metagenome	NA	NA
SAMN10992541	SRS4414917	01/04/2013	"China:Jiangxi, Jinggang Mountain"	26.671	114.41	soil metagenome	NA	NA
SAMN10992541	SRS4414917	01/04/2013	"China:Jiangxi, Jinggang Mountain"	26.671	114.41	soil metagenome	NA	NA
SAMN07785569	SRS2594337	2012-10	USA:Gulf of Mexico	28.91641	-87.6691	marine sediment metagenome	NA	NA
SAMN04531410	SRS1328024	15/07/2015	China	not1	1	soil metagenome	NA	obligate anaerobe
SAMN05391819	SRS1565984	2014-06	"USA: NC, Burke County, Linville Gorge"	35.90621	-81.9143	soil metagenome	NA	NA
SAMN07785536	SRS2594414	2012-10	USA:Gulf of Mexico	28.91641	-87.6691	marine sediment metagenome	NA	NA
SAMN08223843	SRS2789958	01/02/2017	Pacific Ocean	33.001	-117.57	marine sediment metagenome	NA	NA
SAMN09437049	SRS3454985	2016-08	China: Shaanxi Province	34.5551	107.9311	soil metagenome	NA	NA
SAMN09436990	SRS3455309	2016-08	China: Shaanxi Province	34.5611	107.9211	soil metagenome	NA	NA
SAMEA3474170	ERS785446	NA	NA	NA	NA	soil metagenome	NA	NA
SAMN09436910	SRS3454644	2016-08	China: Shaanxi Province	34.5621	107.9261	soil metagenome	NA	NA
SAMN09436982	SRS3454843	2016-08	China: Shaanxi Province	34.5611	107.9211	soil metagenome	NA	NA
SAMN10622961	SRS4189881	2013-10	China: Guangdong Province	23.171	112.551	soil metagenome	NA	NA
SAMN07785567	SRS2594299	2012-10	USA:Gulf of Mexico	28.91641	-87.6691	marine sediment metagenome	NA	NA
SAMN09436879	SRS3454616	2016-08	China: Shaanxi Province	34.5621	107.9261	soil metagenome	NA	NA
SAMN10623025	SRS4189895	2013-04	China: Jiangxi Province	26.531	114.181	soil metagenome	NA	NA
SAMN10850744	SRS4311856	2015-11	Viet Nam: Cattien National Park	11.431	107.431	soil metagenome	NA	NA
SAMN10992550	SRS4414923	01/04/2014	"China:Guangdong, Dinghu Mountain"	23.181	112.61	soil metagenome	NA	NA
SAMN07782939	SRS2593032	2012-10	USA:Gulf of Mexico	29.00031	-87.5074	marine sediment metagenome	NA	NA
SAMN10623030	SRS4189894	2013-07	China: Jiangxi Province	26.531	114.181	soil metagenome	NA	NA
SAMN10622960	SRS4189863	2013-10	China: Guangdong Province	23.171	112.551	soil metagenome	NA	NA
SAMN10622979	SRS4189824	2014-04	China: Guangdong Province	23.171	112.551	soil metagenome	NA	NA
SAMN10992541	SRS4414917	01/04/2013	"China:Jiangxi, Jinggang Mountain"	26.671	114.41	soil metagenome	NA	NA
SAMN10992549	SRS4414922	01/10/2013	"China:Guangdong, Dinghu Mountain"	23.181	112.61	soil metagenome	NA	NA
SAMN07964879	SRS2758492	2014-09	Spain	42.721	1.221	freshwater sediment metagenome	NA	NA
SAMN09436964	SRS3454486	2016-08	China: Shaanxi Province	34.5611	107.9211	soil metagenome	NA	NA
SAMN10622974	SRS4189829	2014-10	China: Guangdong Province	23.171	112.551	soil metagenome	NA	NA
SAMN10992552	SRS4414910	01/10/2014	"China:Guangdong, Dinghu Mountain"	23.181	112.61	soil metagenome	NA	NA
SAMN10865504	SRS4347110	17/04/2017	USA: Wisconsin	44.111	-88.23	activated sludge metagenome	NA	NA
SAMEA104139527	ERS1798545	NA	NA	NA	NA	soil metagenome	NA	NA
SAMEA3474111	ERS785387	NA	NA	NA	NA	soil metagenome	NA	NA
SAMEA3474110	ERS785386	NA	NA	NA	NA	soil metagenome	NA	NA
SAMN09436930	SRS3455023	2016-08	China: Shaanxi Province	34.5621	107.9261	soil metagenome	NA	NA
SAMEA4353556	ERS1265005	NA	NA	NA	NA	soil metagenome	NA	NA
SAMEA104139475	ERS1798493	NA	NA	NA	NA	soil metagenome	NA	NA
SAMEA104139500	ERS1798518	NA	NA	NA	NA	soil metagenome	NA	NA
SAMN10992549	SRS4414922	01/10/2013	"China:Guangdong, Dinghu Mountain"	23.181	112.61	soil metagenome	NA	NA
SAMN09436875	SRS3454635	2016-08	China: Shaanxi Province	34.5621	107.9261	soil metagenome	NA	NA
SAMEA3474254	ERS785530	NA	NA	NA	NA	soil metagenome	NA	NA
SAMN09437039	SRS3455249	2016-08	China: Shaanxi Province	34.5611	107.9211	soil metagenome	NA	NA
SAMN10622959	SRS4189864	2013-10	China: Guangdong Province	23.171	112.551	soil metagenome	NA	NA
SAMN10992549	SRS4414922	01/10/2013	"China:Guangdong, Dinghu Mountain"	23.181	112.61	soil metagenome	NA	NA
SAMN07782946	SRS2592933	2012-10	USA:Gulf of Mexico	29.00031	-87.5074	marine sediment metagenome	NA	NA
SAMEA3474125	ERS785401	NA	NA	NA	NA	soil metagenome	NA	NA
SAMN09436835	SRS3455267	2016-08	China: Shaanxi Province	34.5571	107.9261	soil metagenome	NA	NA
SAMN09437034	SRS3455245	2016-08	China: Shaanxi Province	34.5611	107.9211	soil metagenome	NA	NA
SAMN09437041	SRS3454787	2016-08	China: Shaanxi Province	34.5611	107.9211	soil metagenome	NA	NA
SAMN07785553	SRS2594219	2012-10	USA:Gulf of Mexico	28.91641	-87.6691	marine sediment metagenome	NA	NA
SAMN08223827	SRS2789985	01/02/2017	Pacific Ocean	33.041	-117.57	marine sediment metagenome	NA	NA
SAMN09436898	SRS3455275	2016-08	China: Shaanxi Province	34.5621	107.9261	soil metagenome	NA	NA
SAMN10992549	SRS4414922	01/10/2013	"China:Guangdong, Dinghu Mountain"	23.181	112.61	soil metagenome	NA	NA
SAMEA3474090	ERS785366	NA	NA	NA	NA	soil metagenome	NA	NA
SAMN05553085	SRS1609384	2014-03	"New Zealand: Takahe Valley, Murchison Mountains"	-45.14	167.331	soil metagenome	NA	NA
SAMN06020134	SRS1806412	12/05/2015	China: Xikuangshan hill	27.46351	-111.293	soil metagenome	NA	NA
SAMN09436829	SRS3454632	2016-08	China: Shaanxi Province	34.5571	107.9261	soil metagenome	NA	NA
SAMN09436811	SRS3455108	2016-08	China: Shaanxi Province	34.5571	107.9261	soil metagenome	NA	NA
SAMN10622984	SRS4189859	2014-07	China: Guangdong Province	23.171	112.551	soil metagenome	NA	NA
SAMN03765492	SRS958477	19/06/2012	USA: Nevada	not1	1	hot springs metagenome	NA	NA
SAMEA104139657	ERS1798675	NA	NA	NA	NA	soil metagenome	NA	NA
SAMEA3474200	ERS785476	NA	NA	NA	NA	soil metagenome	NA	NA
SAMN10622987	SRS4189861	2014-07	China: Guangdong Province	23.171	112.551	soil metagenome	NA	NA
SAMN10992551	SRS4414899	01/07/2014	"China:Guangdong, Dinghu Mountain"	23.181	112.61	soil metagenome	NA	NA
SAMN09742341	SRS3612017	22/07/2014	USA: Yellowstone National Park	44.4193291	-110.954192	hot springs metagenome	NA	NA
SAMEA3474166	ERS785442	NA	NA	NA	NA	soil metagenome	NA	NA
SAMN09437021	SRS3454732	2016-08	China: Shaanxi Province	34.5611	107.9211	soil metagenome	NA	NA
SAMN07782957	SRS2592952	2012-10	USA:Gulf of Mexico	29.00031	-87.5074	marine sediment metagenome	NA	NA
SAMN07785546	SRS2594464	2012-10	USA:Gulf of Mexico	28.91641	-87.6691	marine sediment metagenome	NA	NA
SAMN07785535	SRS2594412	2012-10	USA:Gulf of Mexico	28.91641	-87.6691	marine sediment metagenome	NA	NA
SAMN10531949	SRS4114493	11/09/2015	China:Beijing	39.891	116.491	groundwater metagenome	NA	NA
SAMN03765435	SRS958418	19/06/2012	USA: Nevada	41.030391	-119.0162	hot springs metagenome	NA	NA
SAMD00041514	DRS026693	2014-03	Japan:Satsuma Iwo-jima	30.780771	130.279521	sediment metagenome	NA	NA
SAMEA104139523	ERS1798541	NA	NA	NA	NA	soil metagenome	NA	NA
SAMN08689202	SRS3038151	2016-06	China:Jianhan Plain	30.511	113.231	aquatic metagenome	NA	NA
SAMN05553097	SRS1609399	2014-03	"New Zealand: Takahe Valley, Murchison Mountains"	-45.14	167.331	soil metagenome	NA	NA
SAMD00057754	NA	17/09/2015	Cameroon: Bityili	missing1	1	not_specified	NA	NA
SAMN09436796	SRS3454470	2016-08	China: Shaanxi Province	34.5571	107.9261	soil metagenome	NA	NA
SAMN10992541	SRS4414917	01/04/2013	"China:Jiangxi, Jinggang Mountain"	26.671	114.41	soil metagenome	NA	NA
SAMN07782931	SRS2592996	2012-10	USA:Gulf of Mexico	28.94011	-87.5824	marine sediment metagenome	NA	NA
SAMN08384074	SRS2872829	2015/2016	Australia: Tomago wetland	-32.9483	151.834721	sediment metagenome	NA	NA
SAMEA3474168	ERS785444	NA	NA	NA	NA	soil metagenome	NA	NA
SAMN03701747	SRS942337	01/08/2014	Trinidad and Tobago: Trinidad	10.641	-61.43	soil metagenome	NA	NA
SAMN04252815	SRS1157462	13/09/2013	Brazil	-19.86160591	-43.79045354	soil metagenome	NA	NA
SAMN05391815	SRS1565979	2014-06	"USA: NC, Burke County, Linville Gorge"	35.90621	-81.9143	soil metagenome	NA	NA
SAMN10992549	SRS4414922	01/10/2013	"China:Guangdong, Dinghu Mountain"	23.181	112.61	soil metagenome	NA	NA
SAMEA4051667	ERS1222777	NA	NA	NA	NA	soil metagenome	NA	NA
SAMEA3474102	ERS785378	NA	NA	NA	NA	soil metagenome	NA	NA
SAMEA3474088	ERS785364	NA	NA	NA	NA	soil metagenome	NA	NA
SAMN09436827	SRS3454630	2016-08	China: Shaanxi Province	34.5571	107.9261	soil metagenome	NA	NA
SAMN09437033	SRS3454476	2016-08	China: Shaanxi Province	34.5611	107.9211	soil metagenome	NA	NA
SAMN10992547	SRS4414903	01/04/2013	"China:Guangdong, Dinghu Mountain"	23.181	112.61	soil metagenome	NA	NA
SAMN06820583	SRS2285824	08/06/2015	Korea: Chuncheon	37.93406501	127.770111	soil metagenome	NA	NA
SAMN10992547	SRS4414903	01/04/2013	"China:Guangdong, Dinghu Mountain"	23.181	112.61	soil metagenome	NA	NA
SAMN07782836	SRS2593046	2012-10	USA:Gulf of Mexico	28.94011	-87.5824	marine sediment metagenome	NA	NA
SAMN10621503	SRS4179327	24/01/2011	USA: Gulf of Mexico	27.591	-85.38	marine sediment metagenome	NA	NA
SAMN10820160	SRS4293835	01/10/2012	Spain: Blanes Open Slope	41.1450001	2.8925001	marine sediment metagenome	NA	NA
SAMN09437038	SRS3455248	2016-08	China: Shaanxi Province	34.5611	107.9211	soil metagenome	NA	NA
SAMN07782945	SRS2592934	2012-10	USA:Gulf of Mexico	29.00031	-87.5074	marine sediment metagenome	NA	NA
SAMEA4051655	ERS1222765	NA	NA	NA	NA	soil metagenome	NA	NA
SAMEA3474258	ERS785534	NA	NA	NA	NA	soil metagenome	NA	NA
SAMN05553111	SRS1609414	2014-03	"New Zealand: Takahe Valley, Murchison Mountains"	-45.14	167.331	soil metagenome	NA	NA
SAMN09436837	SRS3455263	2016-08	China: Shaanxi Province	34.5571	107.9261	soil metagenome	NA	NA
SAMN07785568	SRS2594298	2012-10	USA:Gulf of Mexico	28.91641	-87.6691	marine sediment metagenome	NA	NA
SAMEA104139571	ERS1798589	NA	NA	NA	NA	soil metagenome	NA	NA
SAMN05553092	SRS1609393	2014-03	"New Zealand: Takahe Valley, Murchison Mountains"	-45.14	167.331	soil metagenome	NA	NA
SAMN05553095	SRS1609396	2014-03	"New Zealand: Takahe Valley, Murchison Mountains"	-45.14	167.331	soil metagenome	NA	NA
SAMN10623019	SRS4189892	2013-10	China: Jiangxi Province	26.531	114.181	soil metagenome	NA	NA
SAMN10992550	SRS4414923	01/04/2014	"China:Guangdong, Dinghu Mountain"	23.181	112.61	soil metagenome	NA	NA
SAMEA4557223	ERS1456402	NA	NA	NA	NA	soil metagenome	NA	NA
SAMEA3474133	ERS785409	NA	NA	NA	NA	soil metagenome	NA	NA
SAMN05553098	SRS1609400	2014-03	"New Zealand: Takahe Valley, Murchison Mountains"	-45.14	167.331	soil metagenome	NA	NA
SAMN09437003	SRS3454878	2016-08	China: Shaanxi Province	34.5611	107.9211	not_specified	NA	NA
SAMN09436938	SRS3455158	2016-08	China: Shaanxi Province	34.5621	107.9261	not_specified	NA	NA
SAMN10992545	SRS4414897	01/07/2014	"China:Jiangxi, Jinggang Mountain"	26.671	114.41	soil metagenome	NA	NA
SAMN10992550	SRS4414923	01/04/2014	"China:Guangdong, Dinghu Mountain"	23.181	112.61	soil metagenome	NA	NA
SAMN06227489	SRS1921922	10/10/2015	Portugal	unknown1	1	aquatic metagenome	NA	NA
SAMN09437000	SRS3454720	2016-08	China: Shaanxi Province	34.5611	107.9211	soil metagenome	NA	NA
SAMN09436954	SRS3455130	2016-08	China: Shaanxi Province	34.5611	107.9211	soil metagenome	NA	NA
SAMN10623043	SRS4189820	2014-07	China: Jiangxi Province	26.531	114.181	soil metagenome	NA	NA
SAMN07785554	SRS2594220	2012-10	USA:Gulf of Mexico	28.91641	-87.6691	marine sediment metagenome	NA	NA
SAMEA4557179	ERS1456358	NA	NA	NA	NA	soil metagenome	NA	NA
SAMN09437051	SRS3455089	2016-08	China: Shaanxi Province	34.5551	107.9311	soil metagenome	NA	NA
SAMN07785450	SRS2594291	2012-10	USA:Gulf of Mexico	28.63651	-87.8685	marine sediment metagenome	NA	NA
SAMEA104139658	ERS1798676	NA	NA	NA	NA	soil metagenome	NA	NA
SAMN06241493	SRS1928864	2012-12	Thailand: Ang Thong province	14.641	100.231	soil metagenome	NA	NA
SAMN09436843	SRS3455006	2016-08	China: Shaanxi Province	34.5571	107.9261	soil metagenome	NA	NA
SAMN10622975	SRS4189828	2014-10	China: Guangdong Province	23.171	112.551	soil metagenome	NA	NA
SAMN10992549	SRS4414922	01/10/2013	"China:Guangdong, Dinghu Mountain"	23.181	112.61	soil metagenome	NA	NA
SAMN07782858	SRS2592959	2012-10	USA:Gulf of Mexico	28.94011	-87.5824	marine sediment metagenome	NA	NA
SAMEA104139502	ERS1798520	NA	NA	NA	NA	soil metagenome	NA	NA
SAMEA3474092	ERS785368	NA	NA	NA	NA	soil metagenome	NA	NA
SAMEA3474212	ERS785488	NA	NA	NA	NA	soil metagenome	NA	NA
SAMN03350178	SRS851315	10/09/2013	Senegal	Missing1	1	soil metagenome	NA	NA
SAMN09436791	SRS3454713	2016-08	China: Shaanxi Province	34.5571	107.9261	soil metagenome	NA	NA
SAMN09436903	SRS3454636	2016-08	China: Shaanxi Province	34.5621	107.9261	soil metagenome	NA	NA
SAMN09436801	SRS3454462	2016-08	China: Shaanxi Province	34.5571	107.9261	soil metagenome	NA	NA
SAMN10992543	SRS4414915	01/10/2013	"China:Jiangxi, Jinggang Mountain"	26.671	114.41	soil metagenome	NA	NA
SAMN10992552	SRS4414910	01/10/2014	"China:Guangdong, Dinghu Mountain"	23.181	112.61	soil metagenome	NA	NA
SAMEA3474178	ERS785454	NA	NA	NA	NA	soil metagenome	NA	NA
SAMN03701750	SRS942334	02/08/2014	Trinidad and Tobago: Trinidad	10.641	-61.4	soil metagenome	NA	NA
SAMN09436975	SRS3454663	2016-08	China: Shaanxi Province	34.5611	107.9211	soil metagenome	NA	NA
SAMN09436933	SRS3455164	2016-08	China: Shaanxi Province	34.5621	107.9261	soil metagenome	NA	NA
SAMEA4698244	ERS2518417	NA	NA	NA	NA	soil metagenome	NA	NA
SAMN10622985	SRS4189858	2014-07	China: Guangdong Province	23.171	112.551	soil metagenome	NA	NA
SAMN10622981	SRS4189855	2014-04	China: Guangdong Province	23.171	112.551	soil metagenome	NA	NA
SAMN10992551	SRS4414899	01/07/2014	"China:Guangdong, Dinghu Mountain"	23.181	112.61	soil metagenome	NA	NA
SAMN10992550	SRS4414923	01/04/2014	"China:Guangdong, Dinghu Mountain"	23.181	112.61	soil metagenome	NA	NA
SAMN07782979	SRS2592901	2012-10	USA:Gulf of Mexico	28.94011	-87.5824	marine sediment metagenome	NA	NA
SAMN03350174	SRS851319	10/09/2013	Senegal	Missing1	1	soil metagenome	NA	NA
SAMN05391795	SRS1565957	2014-06	"USA: NC, Burke County, Linville Gorge"	35.90621	-81.9143	soil metagenome	NA	NA
SAMN09437024	SRS3454493	2016-08	China: Shaanxi Province	34.5611	107.9211	soil metagenome	NA	NA
SAMN10622982	SRS4189856	2014-04	China: Guangdong Province	23.171	112.551	soil metagenome	NA	NA
SAMEA104139508	ERS1798526	NA	NA	NA	NA	soil metagenome	NA	NA
SAMN09436927	SRS3455009	2016-08	China: Shaanxi Province	34.5621	107.9261	soil metagenome	NA	NA
SAMN09436818	SRS3454855	2016-08	China: Shaanxi Province	34.5571	107.9261	soil metagenome	NA	NA
SAMN09436897	SRS3455278	2016-08	China: Shaanxi Province	34.5621	107.9261	soil metagenome	NA	NA
SAMN09436935	SRS3455162	2016-08	China: Shaanxi Province	34.5621	107.9261	soil metagenome	NA	NA
SAMN07782954	SRS2592948	2012-10	USA:Gulf of Mexico	29.00031	-87.5074	marine sediment metagenome	NA	NA
SAMN09436787	SRS3454709	2016-08	China: Shaanxi Province	34.5571	107.9261	soil metagenome	NA	NA
SAMN10992550	SRS4414923	01/04/2014	"China:Guangdong, Dinghu Mountain"	23.181	112.61	soil metagenome	NA	NA
SAMN07785555	SRS2594221	2012-10	USA:Gulf of Mexico	28.91641	-87.6691	marine sediment metagenome	NA	NA
SAMN08177498	SRS2757960	13/03/2015	"South Africa: Drakensberg, Brotherton"	-29	29.151	soil metagenome	NA	NA
SAMN09436819	SRS3454854	2016-08	China: Shaanxi Province	34.5571	107.9261	soil metagenome	NA	NA
SAMN09436893	SRS3455274	2016-08	China: Shaanxi Province	34.5621	107.9261	soil metagenome	NA	NA
SAMN10622977	SRS4189826	2014-10	China: Guangdong Province	23.171	112.551	soil metagenome	NA	NA
SAMN10992541	SRS4414917	01/04/2013	"China:Jiangxi, Jinggang Mountain"	26.671	114.41	soil metagenome	NA	NA
SAMN07782975	SRS2592878	2012-10	USA:Gulf of Mexico	28.94011	-87.5824	marine sediment metagenome	NA	NA
SAMN07785562	SRS2594304	2012-10	USA:Gulf of Mexico	28.91641	-87.6691	marine sediment metagenome	NA	NA
SAMN07785526	SRS2594509	2012-10	USA:Gulf of Mexico	28.91641	-87.6691	marine sediment metagenome	NA	NA
SAMN08384074	SRS2872829	2015/2016	Australia: Tomago wetland	-32.9483	151.834721	sediment metagenome	NA	NA
SAMEA3474276	ERS785552	NA	NA	NA	NA	soil metagenome	NA	NA
SAMN09436894	SRS3455272	2016-08	China: Shaanxi Province	34.5621	107.9261	soil metagenome	NA	NA
SAMN10820180	SRS4293846	24/04/2013	Spain: Blanes Open Slope	41.1450001	2.8925001	marine sediment metagenome	NA	NA
SAMEA3474186	ERS785462	NA	NA	NA	NA	soil metagenome	NA	NA
SAMN03701749	SRS942335	02/08/2014	Trinidad and Tobago: Trinidad	10.641	-61.4	soil metagenome	NA	NA
SAMN09436864	SRS3454515	2016-08	China: Shaanxi Province	34.5621	107.9261	soil metagenome	NA	NA
SAMN09437046	SRS3454982	2016-08	China: Shaanxi Province	34.5551	107.9311	soil metagenome	NA	NA
SAMEA3673662	ERS980811	NA	NA	NA	NA	soil metagenome	NA	NA
SAMEA3474089	ERS785365	NA	NA	NA	NA	soil metagenome	NA	NA
SAMEA3474183	ERS785459	NA	NA	NA	NA	soil metagenome	NA	NA
SAMN05391806	SRS1565969	2014-06	"USA: NC, Burke County, Linville Gorge"	35.90621	-81.9143	soil metagenome	NA	NA
SAMN05553077	SRS1609377	2014-03	"New Zealand: Takahe Valley, Murchison Mountains"	-45.14	167.331	soil metagenome	NA	NA
SAMN10622971	SRS4189832	2013-07	China: Guangdong Province	23.171	112.551	soil metagenome	NA	NA
SAMEA3474094	ERS785370	NA	NA	NA	NA	soil metagenome	NA	NA
SAMN05786748	SRS1708359	09/07/2013	New Caledonia: Kopeto Massif	-21.1777	165.00271	soil metagenome	NA	aerobe
SAMN09436919	SRS3454773	2016-08	China: Shaanxi Province	34.5621	107.9261	soil metagenome	NA	NA
SAMN09437048	SRS3454984	2016-08	China: Shaanxi Province	34.5551	107.9311	soil metagenome	NA	NA
SAMN09436993	SRS3455138	2016-08	China: Shaanxi Province	34.5611	107.9211	soil metagenome	NA	NA
SAMN10992552	SRS4414910	01/10/2014	"China:Guangdong, Dinghu Mountain"	23.181	112.61	soil metagenome	NA	NA
SAMN10992551	SRS4414899	01/07/2014	"China:Guangdong, Dinghu Mountain"	23.181	112.61	soil metagenome	NA	NA
SAMN10992547	SRS4414903	01/04/2013	"China:Guangdong, Dinghu Mountain"	23.181	112.61	soil metagenome	NA	NA
SAMN10992551	SRS4414899	01/07/2014	"China:Guangdong, Dinghu Mountain"	23.181	112.61	soil metagenome	NA	NA
SAMN08177502	SRS2757961	13/03/2015	"South Africa: Drakensberg, Brotherton"	-29	29.151	soil metagenome	NA	NA
SAMN09436785	SRS3454712	2016-08	China: Shaanxi Province	34.5571	107.9261	soil metagenome	NA	NA
SAMN10623026	SRS4189896	2013-07	China: Jiangxi Province	26.531	114.181	soil metagenome	NA	NA
SAMN10622973	SRS4189830	2013-07	China: Guangdong Province	23.171	112.551	soil metagenome	NA	NA
SAMN10850767	SRS4311884	2015-11	Viet Nam: Cattien National Park	11.451	107.441	soil metagenome	NA	NA
SAMN10992542	SRS4414914	01/07/2013	"China:Jiangxi, Jinggang Mountain"	26.671	114.41	soil metagenome	NA	NA
SAMN07785551	SRS2594217	2012-10	USA:Gulf of Mexico	28.91641	-87.6691	marine sediment metagenome	NA	NA
SAMEA104139505	ERS1798523	NA	NA	NA	NA	soil metagenome	NA	NA
SAMN09436830	SRS3454633	2016-08	China: Shaanxi Province	34.5571	107.9261	soil metagenome	NA	NA
SAMN09436798	SRS3454472	2016-08	China: Shaanxi Province	34.5571	107.9261	soil metagenome	NA	NA
SAMN09436878	SRS3455338	2016-08	China: Shaanxi Province	34.5621	107.9261	soil metagenome	NA	NA
SAMN10992549	SRS4414922	01/10/2013	"China:Guangdong, Dinghu Mountain"	23.181	112.61	soil metagenome	NA	NA
SAMN07782845	SRS2593006	2012-10	USA:Gulf of Mexico	28.94011	-87.5824	marine sediment metagenome	NA	NA
SAMN08223840	SRS2789957	01/02/2017	Pacific Ocean	33.001	-117.57	marine sediment metagenome	NA	NA
SAMEA4051659	ERS1222769	NA	NA	NA	NA	soil metagenome	NA	NA
SAMEA3474224	ERS785500	NA	NA	NA	NA	soil metagenome	NA	NA
SAMN05391811	SRS1565975	2014-06	"USA: NC, Burke County, Linville Gorge"	35.90621	-81.9143	soil metagenome	NA	NA
SAMN10623028	SRS4189899	2013-07	China: Jiangxi Province	26.531	114.181	soil metagenome	NA	NA
SAMN05553115	SRS1609418	2014-03	"New Zealand: Takahe Valley, Murchison Mountains"	-45.14	167.331	soil metagenome	NA	NA
SAMN10622988	SRS4189862	2014-07	China: Guangdong Province	23.171	112.551	soil metagenome	NA	NA
SAMN10992551	SRS4414899	01/07/2014	"China:Guangdong, Dinghu Mountain"	23.181	112.61	soil metagenome	NA	NA
SAMN07785563	SRS2594303	2012-10	USA:Gulf of Mexico	28.91641	-87.6691	marine sediment metagenome	NA	NA
SAMN10761929	SRS4331671	2016	India	21.9987001	80.6976671	soil metagenome	NA	NA
SAMN03859843	SRS1011102	Not Collected	USA: Lake Erie	42.13371	-81.243	freshwater metagenome	NA	NA
SAMN08455324	SRS2907354	21/06/2016	New Zealand: Taup? Volcanic Zone	-38.47333	176.147111	hot springs metagenome	NA	NA
SAMN06309165	SRS1961673	21/06/2011	"USA: Bemidji, MN"	47.341	-95.05	soil metagenome	NA	NA
SAMN09436946	SRS3454526	2016-08	China: Shaanxi Province	34.5621	107.9261	soil metagenome	NA	NA
SAMN08689169	SRS3038048	2016-06	China:Jianhan Plain	30.361	113.351	aquatic metagenome	NA	NA
SAMEA104139617	ERS1798635	NA	NA	NA	NA	soil metagenome	NA	NA
SAMN05553058	SRS1609363	2014-03	"New Zealand: Takahe Valley, Murchison Mountains"	-45.14	167.331	soil metagenome	NA	NA
SAMN09436909	SRS3454640	2016-08	China: Shaanxi Province	34.5621	107.9261	soil metagenome	NA	NA
SAMN09436928	SRS3455012	2016-08	China: Shaanxi Province	34.5621	107.9261	soil metagenome	NA	NA
SAMN09436838	SRS3455264	2016-08	China: Shaanxi Province	34.5571	107.9261	soil metagenome	NA	NA
SAMN10623023	SRS4189901	2013-04	China: Jiangxi Province	26.531	114.181	soil metagenome	NA	NA
SAMN10622978	SRS4189825	2014-10	China: Guangdong Province	23.171	112.551	soil metagenome	NA	NA
SAMN10820163	SRS4293840	01/10/2012	Spain: Blanes Open Slope	41.1450001	2.8925001	marine sediment metagenome	NA	NA
SAMN03701751	SRS942322	02/08/2014	Trinidad and Tobago: Trinidad	10.641	-61.4	soil metagenome	NA	NA
SAMN04531410	SRS1328024	15/07/2015	China	not1	1	soil metagenome	NA	obligate anaerobe
SAMN05391821	SRS1565987	2014-06	"USA: NC, Burke County, Linville Gorge"	35.90621	-81.9143	soil metagenome	NA	NA
SAMN08177505	SRS2757976	13/03/2015	"South Africa: Drakensberg, Brotherton"	-29	29.151	soil metagenome	NA	NA
SAMN09436926	SRS3455010	2016-08	China: Shaanxi Province	34.5621	107.9261	soil metagenome	NA	NA
SAMN09436880	SRS3454918	2016-08	China: Shaanxi Province	34.5621	107.9261	soil metagenome	NA	NA
SAMN10992541	SRS4414917	01/04/2013	"China:Jiangxi, Jinggang Mountain"	26.671	114.41	soil metagenome	NA	NA
SAMN07964869	SRS2758516	2014-09	France	42.741	1.341	freshwater sediment metagenome	NA	NA
SAMN07782968	SRS2592872	2012-10	USA:Gulf of Mexico	29.00031	-87.5074	marine sediment metagenome	NA	NA
SAMN07809417	SRS2607605	18/08/2014	China: Hani	42.22721	126.51971	peat metagenome	NA	NA
SAMN03654252	SRS935832	missing	China:Taizhou	missing1	1	soil metagenome	NA	NA
SAMN09436821	SRS3454853	2016-08	China: Shaanxi Province	34.5571	107.9261	soil metagenome	NA	NA
SAMN09436939	SRS3455160	2016-08	China: Shaanxi Province	34.5621	107.9261	soil metagenome	NA	NA
SAMN09436940	SRS3455156	2016-08	China: Shaanxi Province	34.5621	107.9261	soil metagenome	NA	NA
SAMN09436992	SRS3455141	2016-08	China: Shaanxi Province	34.5611	107.9211	soil metagenome	NA	NA
SAMN10973046	SRS4391968	01/04/2013	"China:Jilin, Changbai Mountain"	41.991	127.91	soil metagenome	NA	NA
SAMN10992542	SRS4414914	01/07/2013	"China:Jiangxi, Jinggang Mountain"	26.671	114.41	soil metagenome	NA	NA
SAMN03792094	SRS970775	2014-08	China: Tengchong geothermal area	24.951021	98.436131	hot springs metagenome	NA	NA
SAMN10820164	SRS4293839	01/10/2012	Spain: Blanes Open Slope	41.1450001	2.8925001	marine sediment metagenome	NA	NA
SAMEA3474181	ERS785457	NA	NA	NA	NA	soil metagenome	NA	NA
SAMN05601518	SRS1630823	2012-05	China:Heilongjiang	46.581	130.661	soil metagenome	NA	NA
SAMN05601532	SRS1630837	2012-05	China:Heilongjiang	47.791	133.631	soil metagenome	NA	NA
SAMEA4557186	ERS1456365	NA	NA	NA	NA	soil metagenome	NA	NA
SAMEA3474117	ERS785393	NA	NA	NA	NA	soil metagenome	NA	NA
SAMN05384276	SRS1572625	21/09/2010	"Germany: Schloeppnerbrunnen fen II, Fichtel Mountains, northeastern Bavaria"	50.1318811	11.8810461	peat metagenome	NA	anaerobe
SAMN05391828	SRS1565995	2014-06	"USA: NC, Burke County, Linville Gorge"	35.90621	-81.9143	soil metagenome	NA	NA
SAMN09436967	SRS3454491	2016-08	China: Shaanxi Province	34.5611	107.9211	soil metagenome	NA	NA
SAMN10973058	SRS4391950	01/04/2013	"China:Henan, Baotianman Mountain"	33.561	111.71	soil metagenome	NA	NA
SAMN04103541	SRS1086542	01/02/2014	India	23.731	92.86	cave metagenome	NA	NA
SAMN07785552	SRS2594218	2012-10	USA:Gulf of Mexico	28.91641	-87.6691	marine sediment metagenome	NA	NA
SAMEA104139530	ERS1798548	NA	NA	NA	NA	soil metagenome	NA	NA
SAMN02837965	SRS631731	2011-09	USA: VT	VT1	44.1.841	soil metagenome	NA	NA
SAMN09437015	SRS3454737	2016-08	China: Shaanxi Province	34.5611	107.9211	soil metagenome	NA	NA
SAMN09437011	SRS3454886	2016-08	China: Shaanxi Province	34.5611	107.9211	soil metagenome	NA	NA
SAMN09436932	SRS3455163	2016-08	China: Shaanxi Province	34.5621	107.9261	soil metagenome	NA	NA
SAMN09436941	SRS3455157	2016-08	China: Shaanxi Province	34.5621	107.9261	soil metagenome	NA	NA
SAMN10623045	SRS4189818	2014-07	China: Jiangxi Province	26.531	114.181	soil metagenome	NA	NA
SAMN07782844	SRS2593002	2012-10	USA:Gulf of Mexico	28.94011	-87.5824	marine sediment metagenome	NA	NA
SAMN02837963	SRS631674	2011-07	USA: VT	VT1	44.1.841	soil metagenome	NA	NA
SAMN02837953	SRS631708	2011-09	USA: NH	NH1	43.34.621	soil metagenome	NA	NA
SAMN02837998	SRS631742	2012-08	USA: VT	VT1	44.1.841	soil metagenome	NA	NA
SAMN03350176	SRS851317	10/09/2013	Senegal	Missing1	1	soil metagenome	NA	NA
SAMN05553091	SRS1609392	2014-03	"New Zealand: Takahe Valley, Murchison Mountains"	-45.14	167.331	soil metagenome	NA	NA
SAMN08177504	SRS2757979	13/03/2015	"South Africa: Drakensberg, Brotherton"	-29	29.151	soil metagenome	NA	NA
SAMN07785564	SRS2594302	2012-10	USA:Gulf of Mexico	28.91641	-87.6691	marine sediment metagenome	NA	NA
SAMEA4557197	ERS1456376	NA	NA	NA	NA	soil metagenome	NA	NA
SAMN09436944	SRS3454532	2016-08	China: Shaanxi Province	34.5621	107.9261	soil metagenome	NA	NA
SAMN10992544	SRS4414918	01/04/2014	"China:Jiangxi, Jinggang Mountain"	26.671	114.41	soil metagenome	NA	NA
SAMN07783008	SRS2593009	2012-10	USA:Gulf of Mexico	28.97611	-87.8683	marine sediment metagenome	NA	NA
SAMD00041510	DRS026689	2014-03	Japan:Satsuma Iwo-jima	30.780771	130.279481	sediment metagenome	NA	NA
SAMEA104139464	ERS1798482	NA	NA	NA	NA	soil metagenome	NA	NA
SAMEA3474087	ERS785363	NA	NA	NA	NA	soil metagenome	NA	NA
SAMN08636531	SRS3020376	15/11/2016	USA: Aiken SC	33.191	-81.42	soil metagenome	NA	NA
SAMN09436889	SRS3455212	2016-08	China: Shaanxi Province	34.5621	107.9261	soil metagenome	NA	NA
SAMN10622964	SRS4189880	2013-04	China: Guangdong Province	23.171	112.551	soil metagenome	NA	NA
SAMN10850765	SRS4311882	2015-11	Viet Nam: Cattien National Park	11.431	107.431	soil metagenome	NA	NA
SAMN10992542	SRS4414914	01/07/2013	"China:Jiangxi, Jinggang Mountain"	26.671	114.41	soil metagenome	NA	NA
SAMN07782837	SRS2593047	2012-10	USA:Gulf of Mexico	28.94011	-87.5824	marine sediment metagenome	NA	NA
SAMN09436888	SRS3455214	2016-08	China: Shaanxi Province	34.5621	107.9261	soil metagenome	NA	NA
SAMN10973052	SRS4391974	01/04/2013	"China:Beijing, Dongling Mountain"	40.031	115.51	soil metagenome	NA	NA
SAMN10992548	SRS4414905	01/07/2013	"China:Guangdong, Dinghu Mountain"	23.181	112.61	soil metagenome	NA	NA
SAMN07782838	SRS2593048	2012-10	USA:Gulf of Mexico	28.94011	-87.5824	marine sediment metagenome	NA	NA
SAMN07782856	SRS2592961	2012-10	USA:Gulf of Mexico	28.94011	-87.5824	marine sediment metagenome	NA	NA
SAMN07782947	SRS2592939	2012-10	USA:Gulf of Mexico	29.00031	-87.5074	marine sediment metagenome	NA	NA
SAMN07782976	SRS2593151	2012-10	USA:Gulf of Mexico	28.94011	-87.5824	marine sediment metagenome	NA	NA
SAMEA104139568	ERS1798586	NA	NA	NA	NA	soil metagenome	NA	NA
SAMEA3474144	ERS785420	NA	NA	NA	NA	soil metagenome	NA	NA
SAMN09436828	SRS3454631	2016-08	China: Shaanxi Province	34.5571	107.9261	soil metagenome	NA	NA
SAMN09436773	SRS3454949	2016-08	China: Shaanxi Province	34.5571	107.9261	soil metagenome	NA	NA
SAMN09437002	SRS3454877	2016-08	China: Shaanxi Province	34.5611	107.9211	soil metagenome	NA	NA
SAMN09436834	SRS3455269	2016-08	China: Shaanxi Province	34.5571	107.9261	soil metagenome	NA	NA
SAMN07785457	SRS2594284	2012-10	USA:Gulf of Mexico	28.63651	-87.8685	marine sediment metagenome	NA	NA
SAMEA3474113	ERS785389	NA	NA	NA	NA	soil metagenome	NA	NA
SAMN10992547	SRS4414903	01/04/2013	"China:Guangdong, Dinghu Mountain"	23.181	112.61	soil metagenome	NA	NA
SAMEA104139490	ERS1798508	NA	NA	NA	NA	soil metagenome	NA	NA
SAMEA104139503	ERS1798521	NA	NA	NA	NA	soil metagenome	NA	NA
SAMN05553082	SRS1609382	2014-03	"New Zealand: Takahe Valley, Murchison Mountains"	-45.14	167.331	soil metagenome	NA	NA
SAMN05553108	SRS1609411	2014-03	"New Zealand: Takahe Valley, Murchison Mountains"	-45.14	167.331	soil metagenome	NA	NA
SAMN06461261	SRS2037573	12/09/2014	missing	missing1	1	soil metagenome	NA	NA
SAMN06688415	SRS2116710	27/03/2017	China:Guangdong	22.461	112.841	soil metagenome	NA	anaerobe
SAMN09437022	SRS3454719	2016-08	China: Shaanxi Province	34.5611	107.9211	soil metagenome	NA	NA
SAMN09436972	SRS3454664	2016-08	China: Shaanxi Province	34.5611	107.9211	soil metagenome	NA	NA
SAMN09436911	SRS3454645	2016-08	China: Shaanxi Province	34.5621	107.9261	soil metagenome	NA	NA
SAMN09436863	SRS3454514	2016-08	China: Shaanxi Province	34.5621	107.9261	soil metagenome	NA	NA
SAMN09436925	SRS3455011	2016-08	China: Shaanxi Province	34.5621	107.9261	soil metagenome	NA	NA
SAMN09436781	SRS3454955	2016-08	China: Shaanxi Province	34.5571	107.9261	soil metagenome	NA	NA
SAMN09436816	SRS3454858	2016-08	China: Shaanxi Province	34.5571	107.9261	soil metagenome	NA	NA
SAMN09436896	SRS3455277	2016-08	China: Shaanxi Province	34.5621	107.9261	soil metagenome	NA	NA
SAMN10992551	SRS4414899	01/07/2014	"China:Guangdong, Dinghu Mountain"	23.181	112.61	soil metagenome	NA	NA
SAMN07809411	SRS2607602	18/08/2014	China: Hani	42.22551	126.52091	peat metagenome	NA	NA
SAMEA3871887	ERS1059021	NA	NA	NA	NA	soil metagenome	NA	NA
SAMN03701758	SRS942326	02/08/2014	Trinidad and Tobago: Trinidad	10.391	-61.44	soil metagenome	NA	NA
SAMN04531410	SRS1328024	15/07/2015	China	not1	1	soil metagenome	NA	obligate anaerobe
SAMN10850764	SRS4311881	2015-11	Viet Nam: Cattien National Park	11.431	107.431	not_specified	NA	NA
SAMN10992546	SRS4414912	01/10/2014	"China:Jiangxi, Jinggang Mountain"	26.671	114.41	soil metagenome	NA	NA
SAMEA3673543	ERS980692	NA	NA	NA	NA	not_specified	NA	NA
SAMEA3474101	ERS785377	NA	NA	NA	NA	not_specified	NA	NA
SAMN06917017	SRS2178822	2015-05	USA: North Carolina	36.157961	-80.6752	not_specified	NA	NA
SAMN09436874	SRS3454536	2016-08	China: Shaanxi Province	34.5621	107.9261	soil metagenome	NA	NA
SAMN09436805	SRS3455114	2016-08	China: Shaanxi Province	34.5571	107.9261	soil metagenome	NA	NA
SAMN10820169	SRS4293816	24/04/2013	Spain: Blanes Canyon	41.4602781	2.8720751	marine sediment metagenome	NA	NA
SAMEA3474093	ERS785369	NA	NA	NA	NA	soil metagenome	NA	NA
SAMN05553094	SRS1609395	2014-03	"New Zealand: Takahe Valley, Murchison Mountains"	-45.14	167.331	soil metagenome	NA	NA
SAMN09436800	SRS3454464	2016-08	China: Shaanxi Province	34.5571	107.9261	soil metagenome	NA	NA
SAMN09436883	SRS3455211	2016-08	China: Shaanxi Province	34.5621	107.9261	soil metagenome	NA	NA
SAMN10973059	SRS4391951	01/07/2013	"China:Henan, Baotianman Mountain"	33.561	111.71	soil metagenome	NA	NA
SAMD00056527	NA	16/07/2014	"Japan:Oita, Yuhu"	missing1	1	not_specified	NA	NA
SAMN10621501	SRS4179408	01/02/2011	USA: Gulf of Mexico	28.091	-87.02	marine sediment metagenome	NA	NA
SAMEA3474118	ERS785394	NA	NA	NA	NA	soil metagenome	NA	NA
SAMN09436831	SRS3454634	2016-08	China: Shaanxi Province	34.5571	107.9261	soil metagenome	NA	NA
SAMN10623021	SRS4189898	2013-10	China: Jiangxi Province	26.531	114.181	soil metagenome	NA	NA
SAMN10761925	SRS4331313	2016	India	21.9987001	80.6976671	soil metagenome	NA	NA
SAMN10866167	SRS4347338	18/08/2017	"Finland: Risofladan, Vaasa"	63.04721	21.71161	soil metagenome	NA	NA
SAMN10973060	SRS4391956	01/10/2013	"China:Henan, Baotianman Mountain"	33.561	111.71	soil metagenome	NA	NA
SAMN10992552	SRS4414910	01/10/2014	"China:Guangdong, Dinghu Mountain"	23.181	112.61	soil metagenome	NA	NA
SAMN07783332	SRS2593436	2014-08	USA:Gulf of Mexico	28.2208671	-89.0695	marine sediment metagenome	NA	NA
SAMN10621490	SRS4179455	11/03/2011	USA: Gulf of Mexico	26.061	-86.35	marine sediment metagenome	NA	NA
SAMN03701738	SRS942374	01/08/2014	Trinidad and Tobago: Trinidad	10.441	-61.33	soil metagenome	NA	NA
SAMN05384396	SRS1572621	21/09/2010	"Germany: Schloeppnerbrunnen fen II, Fichtel Mountains, northeastern Bavaria"	50.1318811	11.8810461	peat metagenome	NA	anaerobe
SAMN10623035	SRS4189844	2014-10	China: Jiangxi Province	26.531	114.181	soil metagenome	NA	NA
SAMN10992546	SRS4414912	01/10/2014	"China:Jiangxi, Jinggang Mountain"	26.671	114.41	soil metagenome	NA	NA
SAMN07783403	SRS2593375	2013-08	USA:Gulf of Mexico	28.2208671	-89.0695	marine sediment metagenome	NA	NA
SAMEA104139631	ERS1798649	NA	NA	NA	NA	soil metagenome	NA	NA
SAMN10992546	SRS4414912	01/10/2014	"China:Jiangxi, Jinggang Mountain"	26.671	114.41	soil metagenome	NA	NA
SAMN03765431	SRS958426	19/06/2012	USA: Nevada	40.515561	-119.19917	hot springs metagenome	NA	NA
SAMN07783291	SRS2593504	2015-08	Mexico:Gulf of Mexico	19.430681	-93.09497	marine sediment metagenome	NA	NA
SAMEA104139487	ERS1798505	NA	NA	NA	NA	soil metagenome	NA	NA
SAMN05384431	SRS1572619	21/09/2010	"Germany: Schloeppnerbrunnen fen II, Fichtel Mountains, northeastern Bavaria"	50.1318811	11.8810461	peat metagenome	NA	anaerobe
SAMN09436891	SRS3455169	2016-08	China: Shaanxi Province	34.5621	107.9261	soil metagenome	NA	NA
SAMN07782934	SRS2593029	2012-10	USA:Gulf of Mexico	28.94011	-87.5824	marine sediment metagenome	NA	NA
SAMN02837951	SRS631672	2011-07	USA: NH	NH1	43.34.621	soil metagenome	NA	NA
SAMN02837952	SRS631706	2011-08	USA: NH	NH1	43.34.621	soil metagenome	NA	NA
SAMN02837964	SRS631728	2011-08	USA: VT	VT1	44.1.841	soil metagenome	NA	NA
SAMN02837997	SRS631684	2012-07	USA: VT	VT1	44.1.841	soil metagenome	NA	NA
SAMN03350169	SRS851322	10/09/2013	Senegal	Missing1	1	soil metagenome	NA	NA
SAMN10623027	SRS4189897	2013-07	China: Jiangxi Province	26.531	114.181	soil metagenome	NA	NA
SAMN10992546	SRS4414912	01/10/2014	"China:Jiangxi, Jinggang Mountain"	26.671	114.41	soil metagenome	NA	NA
